;Europe * Francé;Europe * Spain;Europe * Greecà;Asia * China;Asia * Japon;Asia * India;Africa * Gabon;Africa * Cameroùn;Africa * Guinée equatoriale;Africa * Namibie;Africa * Éthiopie;North America * USA;North America * Canadà;North America * ¡¢£¤¥¦§¨©ª«¬­®¯°±²³´µ¶·¸¹º»¼½¾¿ÀÁÂÃÄÅÆÇÈÉÊËÌÍÎÏÐÑÒÓÔÕÖ×ØÙÚÛÜÝÞßàáâãäåæçèéêëìíîïðñòóôõö÷øùúûüýþÿ????????????????????????????????????????????????????????????????????????????????????????????????????????????????????????????????????????????????????????????????????????????????????????????????????????????????????????????????????????????????????????????????????????????????????????????????????????????????????????????????????????????????????????????????????????????????????????????????????????????????????????????????????????????????????????????????????????????????????????????????????????????????????????????????????????????????????????????????????????????????????????????????????????????????????????????????????????????????????????;""North America *  !\"#$%&'()*+,-./0123456789:<=>?@ABCDEFGHIJKLMNOPQRSTUVWXYZ[\\]^_`abcdefghijklmnopqrstuvwxyz{|}~""
1990-01-31;395,892609;3017,533674;248,133824;72,621426;181,218226;81,535318;26,987304;67,864274;98,282874;19,748656;59,476191;50,89392;96,522338;50,89392;50,89392
1990-02-28;343,792821;2828,569346;232,616753;70,31798;194,21906;75,09956;25,696036;69,657495;98,282874;12,364444;35,333954;61,212602;93,392696;61,212602;61,212602
1990-03-31;395,463148;3130,635347;264,74647;81,843592;211,985005;77,431808;29,909979;75,255709;98,282874;17,669946;40,540737;81,195712;103,957604;81,195712;81,195712
1990-04-30;366,131971;3012,432439;225,175406;71,253506;208,532777;74,600493;30,226438;71,42666;98,282874;23,361203;29,043495;54,71643;182,824157;54,71643;54,71643
1990-05-31;369,201396;2970,165061;220,624298;83,124708;186,897538;75,845756;32,306367;65,165629;98,282874;18,453926;55,010074;76,486197;111,18527;76,486197;76,486197
1990-06-30;350,270643;1862,89823;245,684475;99,0697;213,914566;80,367507;33,378145;72,668901;98,282874;20,470758;25,323023;124,809006;125,042088;124,809006;124,809006
1990-07-31;307,255605;333,40216;247,357743;102,306073;192,43584;93,616392;25,401441;59,260204;98,282874;11,921499;16,155766;67,905898;130,654709;67,905898;67,905898
1990-08-31;361,567333;1982,850133;221,50113;93,234424;131,751465;15,1412;21,058818;33,60523;98,282874;2,847991;24,461871;88,311421;111,058367;88,311421;88,311421
1990-09-30;358,171862;3132,384342;255,307272;106,292565;153,617463;68,118787;30,235564;65,342377;98,282874;14,426722;39,492118;116,941499;110,333619;116,941499;116,941499
1990-10-31;375,762525;3118,683881;282,751701;97,840304;183,692225;90,096402;30,58307;70,811372;98,282874;20,644;36,206906;66,471701;118,495918;66,471701;66,471701
1990-11-30;356,262988;3121,963247;260,637354;77,394915;179,290713;75,908551;30,980525;62,059425;98,282874;20,241481;43,075547;87,144712;104,450166;87,144712;87,144712
1990-12-31;362,40471;3072,481265;206,353402;51,840702;151,090612;51,398422;20,4869;50,81358;98,282874;32,837916;43,505329;93,415934;98,868767;93,415934;93,415934
1991-01-31;355,655422;3179,461455;273,991911;74,210332;180,027529;82,213271;24,932306;59,853032;98,282874;25,446852;66,964553;64,620554;99,207468;64,620554;64,620554
1991-02-28;314,221778;2904,577751;254,161233;76,793742;188,179008;72,360744;23,739449;61,447958;98,282874;15,973197;33,622518;71,573771;96,545898;71,573771;71,573771
1991-03-31;356,136591;3280,684537;264,20721;77,765808;194,900593;66,914914;27,632491;66,373949;98,282874;22,879576;41,094483;110,785811;109,273728;110,785811;110,785811
1991-04-30;348,990878;3112,489524;254,072735;88,135311;220,912306;75,972812;29,462741;68,037252;98,282874;23,954713;36,102971;55,978973;197,539804;55,978973;55,978973
1991-05-31;364,181443;3239,510281;244,461189;80,147952;181,050273;73,105703;31,490002;62,062709;98,282874;18,955954;85,441591;65,963947;121,083507;65,963947;65,963947
1991-06-30;350,148555;3178,951332;252,242662;100,419263;200,80037;83,809173;32,53486;69,211554;98,282874;21,058873;29,279275;150,326908;138,183154;150,326908;150,326908
1991-07-31;354,766338;3073,355763;261,099163;103,686201;191,300896;89,459972;26,602686;62,815258;98,282874;15,315912;30,295392;65,105403;137,870095;65,105403;65,105403
1991-08-31;356,833208;2955,590104;184,81758;104,591984;128,036377;16,106271;22,054751;35,628824;98,282874;3,662316;19,427269;84,476298;114,117234;84,476298;84,476298
1991-09-30;353,058548;2011,854299;274,860485;126,053774;153,67022;67,52784;31,665501;69,271097;98,282874;18,564147;37,817369;134,05301;116,603765;134,05301;134,05301
1991-10-31;371,519623;2619,047041;272,766151;104,421071;182,522115;81,088366;31,640421;75,628708;98,282874;19,70508;31,03047;70,360572;128,477713;70,360572;70,360572
1991-11-30;350,883953;2978,837161;230,26815;76,424007;158,815334;65,807928;32,051542;66,289364;98,282874;19,323305;38,431961;72,66432;112,535327;72,66432;72,66432
1991-12-31;358,967586;3241,040652;187,868134;56,777926;125,511577;50,678645;21,19516;54,272991;98,282874;31,34418;55,08103;131,87213;108,111121;131,87213;131,87213
1992-01-31;354,04243;3243,882769;268,615593;81,422028;163,620757;76,103836;28,858821;67,463353;98,282874;21,878835;78,282846;66,342991;101,674841;66,342991;66,342991
1992-02-29;333,063479;3013,452686;246,222102;84,116133;166,540116;73,028454;27,477842;69,238101;98,282874;13,729337;49,63185;90,268898;100,073818;90,268898;90,268898
1992-03-31;362,351566;3217,793594;269,849561;88,906448;184,582739;70,642195;31,984005;74,809997;98,282874;19,661227;37,125475;83,622534;111,017731;83,622534;83,622534
1992-04-30;349,637224;3031,817133;257,032919;82,910453;178,592025;71,929921;31,353671;70,844848;98,282874;21,014229;38,323265;72,996738;187,144859;72,996738;72,996738
1992-05-31;358,420347;3070,586521;226,128131;82,573582;156,663982;61,71736;33,511192;64,617724;98,282874;16,628249;47,058197;62,555292;116,426709;62,555292;62,555292
1992-06-30;339,900382;2027,012255;245,925548;106,442897;162,605633;78,320682;34,622818;72,062675;98,282874;18,473559;37,341994;124,247081;131,931157;124,247081;124,247081
1992-07-31;352,703776;2618,318293;241,677984;106,479729;156,547368;82,489509;28,965528;63,64766;98,282874;15,199346;33,068265;72,092336;128,545987;72,092336;72,092336
1992-08-31;343,193874;2615,257552;166,932777;99,141522;97,013422;9,902858;24,013861;36,10621;98,282874;3,635226;21,793351;94,964502;106,465068;94,964502;94,964502
1992-09-30;331,559647;2660,592958;246,338358;112,104267;142,501725;66,865699;34,478038;70,194863;98,282874;18,432298;32,429105;137,816244;109,139325;137,816244;137,816244
1992-10-31;336,094123;3105,347795;227,486799;90,422327;150,217523;79,002172;33,242861;73,079465;98,282874;17,351719;38,437689;83,455772;118,776866;83,455772;83,455772
1992-11-30;323,442979;2928,334933;221,30244;74,493276;127,787025;64,436766;33,674592;64,117581;98,282874;17,023326;73,140128;82,23646;103,988245;82,23646;82,23646
1992-12-31;332,59811;3158,327767;180,566487;64,433413;98,150881;48,674098;22,268255;52,463481;98,282874;27,628242;55,883276;104,307188;98,796208;104,307188;104,307188
1993-01-31;332,509058;3403,259932;209,849437;74,525918;141,462857;63,873142;27,739014;63,932887;98,282874;19,090525;79,903122;52,810027;92,837201;52,810027;52,810027
1993-02-28;303,638941;3011,922315;234,831767;88,210347;136,625437;64,808004;26,568518;65,522766;98,282874;11,987129;43,692256;68,307427;90,921201;68,307427;68,307427
1993-03-31;332,365425;3404,717428;252,944727;95,767012;145,40088;60,721951;30,925745;70,881483;98,282874;17,177219;44,553377;101,084664;103,005771;101,084664;101,084664
1993-04-30;330,498204;3180,991826;231,587041;88,106999;146,766621;67,235958;30,34809;68,641046;98,282874;20,551444;60,827824;75,274749;193,677623;75,274749;75,274749
1993-05-31;334,376279;3109,574533;204,16886;83,986094;124,474812;53,711266;32,436495;62,564297;98,282874;16,273008;72,643246;65,60611;118,237863;65,60611;65,60611
1993-06-30;317,140389;2176,041199;234,99839;111,272257;140,708214;69,461646;33,512727;69,784337;98,282874;18,090957;47,933963;137,963309;135,084027;137,963309;137,963309
1993-07-31;325,471069;3069,493399;240,525581;107,155608;122,568838;68,609429;25,806177;58,055203;98,282874;15,519563;23,784079;78,261887;137,852526;78,261887;78,261887
1993-08-31;318,720345;3328,1989;173,11673;98,249148;78,424864;12,241638;21,352186;32,963731;98,282874;3,714419;36,894366;104,76018;115,509134;104,76018;104,76018
1993-09-30;317,571286;1937,011891;263,764871;111,774939;123,250791;62,579574;30,748387;64,061469;98,282874;18,846638;51,321082;116,106079;116,30517;116,106079;116,106079
1993-10-31;343,568754;2780,909234;225,346273;95,581524;128,417793;65,15448;30,414087;67,858303;98,282874;21,852464;35,128121;78,13834;125,43861;78,13834;78,13834
1993-11-30;340,552473;3331,842639;209,243444;76,571476;108,580349;59,096249;30,809281;59,571848;98,282874;21,454178;65,682302;80,279959;110,334618;80,279959;80,279959
1993-12-31;359,081056;3412,733655;184,717456;63,515925;93,114107;46,01943;20,373494;48,726174;98,282874;34,84449;77,950119;134,755748;106,884287;134,755748;134,755748
1994-01-31;352,330332;2689,087;228,974752;76,243981;108,648215;70,837897;28,168367;63,004247;98,282874;26,799221;88,728307;80,036903;102,028048;80,036903;80,036903
1994-02-28;311,251459;3046,902214;199,795029;82,564034;115,985479;67,174983;26,928037;64,561587;98,282874;16,839118;71,240405;55,571807;99,57;55,571807;55,571807
1994-03-31;349,30256;3332,498512;260,253041;86,834404;129,945624;70,706888;31,34418;69,850456;98,282874;24,146096;37,761191;109,787794;113,369238;109,787794;109,787794
1994-04-30;330,341644;3233,898923;206,45502;87,043278;117,602184;67,668709;35,038386;83,446033;98,282874;27,247485;75,443437;45,220321;200,08789;45,220321;45,220321
1994-05-31;342,119503;2979,27441;235,69628;86,168239;110,49808;71,953636;37,524933;76,074764;98,282874;21,587465;67,483628;80,784884;124,218907;80,784884;80,784884
1994-06-30;338,304626;2558,269467;242,857952;109,568043;130,482979;80,80611;38,614041;84,849691;98,282874;24,012395;43,638169;167,620556;142,382356;167,620556;167,620556
1994-07-31;333,557574;3320,692796;220,011403;105,126853;111,798913;74,104419;31,064896;70,254563;98,282874;23,072419;38,927769;72,401012;137,085316;72,401012;72,401012
1994-08-31;331,74637;3548,790886;177,21157;118,734236;68,962139;12,724171;25,780207;39,873704;98,282874;5,524657;23,514328;95,968529;114,966396;95,968529;95,968529
1994-09-30;327,550866;2387,378087;243,023255;120,736232;112,216403;69,966378;37,014142;77,503791;98,282874;28,044436;54,151448;122,721089;118,346535;122,721089;122,721089
1994-10-31;328,957028;2976,140794;234,999256;97,201867;106,809962;77,141071;41,948754;83,973766;98,282874;34,345722;40,194247;100,323416;124,839098;100,323416;100,323416
1994-11-30;315,324875;3168,457362;215,409756;83,66826;106,536422;75,187914;42,537122;73,737409;98,282874;33,732659;25,607055;90,297199;110,079827;90,297199;90,297199
1994-12-31;315,833334;3241,259276;175,391398;68,868579;89,674674;61,935834;28,100282;60,303676;98,282874;54,806273;60,417226;159,257648;108,186072;159,257648;159,257648
1995-01-31;308,352957;3446,911931;230,280633;87,61641;111,117403;85,579712;36,615336;88,0645;98,282874;40,768512;62,39809;73,057353;111,630418;73,057353;73,057353
1995-02-28;275,66509;3009,808947;216,484536;80,233906;110,555186;77,766718;35,036857;90,177204;98,282874;25,625256;48,836374;65,455589;101,819168;65,455589;65,455589
1995-03-31;314,582295;3221,510209;243,610938;98,073247;120,058413;78,298345;40,822811;97,624504;98,282874;36,756983;36,976951;84,78421;119,72164;84,78421;84,78421
1995-04-30;293,909281;3052,149199;221,805359;82,043693;102,068326;73,591037;35,701832;91,714386;98,282874;36,124128;28,119773;52,608521;176,437787;52,608521;52,608521
1995-05-31;307,070319;3182,449322;231,781764;92,984034;104,597992;77,50411;38,196858;83,554267;98,282874;28,630678;44,479959;80,110296;134,376615;80,110296;80,110296
1995-06-30;300,533608;1394,677711;239,208028;114,103842;113,675821;87,760924;39,424217;93,207767;98,282874;31,859196;35,904536;134,989938;138,267988;134,989938;134,989938
1995-07-31;298,515572;2001,360329;219,75658;108,283545;100,994282;82,630542;32,178635;78,724222;98,282874;28,753405;28,738872;79,711202;127,829064;79,711202;79,711202
1995-08-31;299,676122;2944,950384;174,778509;117,621993;58,15888;14,254434;26,624277;44,705046;98,282874;6,887873;19,060604;105,828666;143,909983;105,828666;105,828666
1995-09-30;289,851665;3110,44903;250,902215;113,961662;100,765512;73,725931;38,187521;86,875003;98,282874;34,979024;32,371546;110,378897;102,176684;110,378897;110,378897
1995-10-31;304,611332;3087,274847;226,017685;98,952798;102,00512;84,139617;38,556827;97,107066;98,282874;37,007069;47,684028;80,801677;128,400253;80,801677;80,801677
1995-11-30;313,862697;3110,667655;218,265623;86,096595;92,36993;74,035188;39,057771;85,272809;98,282874;36,362787;44,776697;92,711378;121,073727;92,711378;92,711378
1995-12-31;286,36427;3127,720355;154,798839;68,131642;69,39267;49,030312;25,854333;69,736028;98,282874;59,106452;59,035547;88,166012;81,673283;88,166012;88,166012
1996-01-31;286,612754;3215,315851;217,419412;80,681176;93,76693;75,300056;42,498267;86,432812;98,282874;42,630972;59,200814;66,708269;107,848182;66,708269;66,708269
1996-02-29;250,372856;2891,16879;206,163188;78,971591;87,945494;75,247796;46,35575;88,498094;98,282874;26,661144;48,07274;63,139481;104,998552;63,139481;63,139481
1996-03-31;272,084334;3152,789283;198,879827;91,795205;102,784228;66,645607;45,204935;95,814455;98,282874;35,136348;45,097059;80,689243;107,871502;80,689243;80,689243
1996-04-30;262,901913;2819,970121;201,249525;86,28489;107,455962;71,567634;49,55247;97,317855;98,282874;37,144365;35,605269;50,790812;186,824881;50,790812;50,790812
1996-05-31;266,584649;2819,897247;200,528539;95,688884;95,63587;67,481859;45,474492;88,654902;98,282874;30,230011;37,846017;76,856236;133,429646;76,856236;76,856236
1996-06-30;253,412118;1673,569529;197,22591;109,67959;104,909769;74,1483;44,680717;98,89896;98,282874;34,647379;33,840214;127,989665;135,263229;127,989665;127,989665
1996-07-31;258,726519;1426,15962;220,652363;118,484393;116,820087;75,865401;40,954907;83,669639;98,282874;31,59592;22,649917;76,554728;139,11909;76,554728;76,554728
1996-08-31;251,55926;2262,762197;150,104824;105,349626;47,567819;17,55395;40,291659;47,53983;98,282874;5,770449;19,9771;103,612997;130,404846;103,612997;103,612997
1996-09-30;236,868536;2569,637934;220,986647;113,923174;102,259772;65,417079;43,836886;92,489137;98,282874;35,708115;36,088888;102,033223;115,187465;102,033223;102,033223
1996-10-31;237,244853;2507,912988;236,756735;108,281577;113,051962;80,192306;45,632655;99,774499;98,282874;42,186241;59,621425;85,030729;126,93153;85,030729;85,030729
1996-11-30;225,949599;2496,763145;190,778935;85,108236;87,98023;65,734178;44,665621;87,560171;98,282874;36,35597;44,936083;91,007464;107,847236;91,007464;91,007464
1996-12-31;228,349697;2544,93338;170,798344;51,364281;71,60639;54,122964;28,664647;71,671943;98,282874;54,050422;53,292779;83,693749;102,879776;83,693749;83,693749
1997-01-31;221,314581;2516,512213;196,998043;77,817794;86,313124;70,377015;46,022725;87,028737;98,282874;46,125616;55,337361;68,872648;107,106991;68,872648;68,872648
1997-02-28;204,656092;2277,41003;201,724333;83,392768;103,067166;72,361032;47,437332;89,49071;98,282874;32,054787;98,582592;69,445814;106,575287;69,445814;69,445814
1997-03-31;218,686107;2524,38269;209,19514;96,784693;102,39719;69,909236;46,185997;97,301844;98,282874;38,427811;60,318689;79,233047;113,540759;79,233047;79,233047
1997-04-30;209,282493;2493,19228;248,329281;103,037235;121,846723;75,396115;57,597029;104,376014;98,282874;45,410625;54,505919;58,331166;220,294983;58,331166;58,331166
1997-05-31;213,241002;2315,815044;195,148787;95,567266;105,175328;69,139909;44,400007;95,346087;98,282874;35,110894;41,412672;75,864888;127,918171;75,864888;75,864888
1997-06-30;201,068154;1931,473407;213,815427;112,653722;118,382735;87,689799;51,576134;106,467608;98,282874;43,678984;58,499032;129,426082;153,034699;129,426082;129,426082
1997-07-31;217,820004;2491,443285;216,206173;99,178836;122,173329;82,136181;48,311938;96,148726;98,282874;39,048166;53,567433;80,712976;155,82339;80,712976;80,712976
1997-08-31;209,190568;2381,766728;147,946422;99,173416;60,707057;18,197335;36,578636;54,636898;98,282874;6,613804;31,983062;105,600858;125,434223;105,600858;105,600858
1997-09-30;210,613965;2196,883388;240,294945;134,218434;122,0897;75,174818;52,600703;106,325185;98,282874;46,724904;49,284568;108,753447;130,184601;108,753447;108,753447
1997-10-31;221,294472;2229,16692;240,035176;110,659954;125,361128;90,245487;54,691939;115,367438;98,282874;47,074631;58,057639;85,131794;140,214832;85,131794;85,131794
1997-11-30;207,767171;2171,377212;210,390227;83,935136;95,621886;75,47647;44,84273;101,50333;98,282874;42,274261;45,858771;79,44907;113,897969;79,44907;79,44907
1997-12-31;221,597537;2288,559873;183,938233;79,615713;76,931702;62,864832;44,024606;83,049486;98,282874;59,102418;57,617857;100,331297;112,664224;100,331297;100,331297
1998-01-31;214,924374;2194,770019;194,708044;91,177165;105,152822;83,541912;50,729952;100,066213;98,282874;57,450719;93,340497;67,839935;103,602903;67,839935;67,839935
1998-02-28;194,594641;1977,457399;195,453045;93,218805;108,125249;81,321197;55,569617;102,540228;98,282874;43,959131;83,268429;69,347729;104,560272;69,347729;69,347729
1998-03-31;213,436342;1917,189948;231,007478;101,126057;118,893566;86,087204;60,680867;111,330647;98,282874;63,316542;66,122736;88,75435;113,559842;88,75435;88,75435
1998-04-30;201,593849;2076,639986;200,833049;99,12856;110,426739;84,421505;59,897249;117,906848;98,282874;54,50297;52,137266;56,071362;165,599829;56,071362;56,071362
1998-05-31;206,632474;1638,808254;167,436681;93,844599;100,823068;76,352038;53,961289;107,608081;98,282874;42,374283;53,112477;76,235268;102,542554;76,235268;76,235268
1998-06-30;196,490589;1438,038211;204,744327;115,900329;121,750999;93,838201;65,246327;120,145711;98,282874;63,300144;65,639181;136,619159;123,239826;136,619159;136,619159
1998-07-31;209,855586;2083,490217;208,561381;109,647559;121,356404;91,928332;55,725975;106,475517;98,282874;58,651432;43,07204;83,764921;115,524485;83,764921;83,764921
1998-08-31;201,892605;2120,36486;138,634165;106,9999;61,095377;20,375277;43,349779;60,465908;98,282874;8,314937;31,317483;110,791384;104,413674;110,791384;110,791384
1998-09-30;199,753918;1965,943182;237,097214;121,340497;116,803879;81,771349;63,341886;117,757012;98,282874;69,799493;44,295628;119,336491;99,973933;119,336491;119,336491
1998-10-31;206,343773;2143,539043;173,6809;96,063339;116,84074;89,871659;62,523534;128,357931;98,282874;66,008308;68,803011;82,416807;98,360507;82,416807;82,416807
1998-11-30;204,816961;2127,433714;182,612307;83,362442;101,654624;80,022353;63,566262;113,09352;98,282874;60,033283;66,672759;84,297462;95,265716;84,297462;84,297462
1998-12-31;203,6995;2062,065029;158,180477;67,843771;81,598625;61,289826;47,141482;92,564824;98,282874;73,460973;88,926506;100,445534;91,731882;100,445534;100,445534
1999-01-31;198,446863;1901,230369;170,474748;76,709388;104,986942;79,123395;60,030743;113,099896;98,282874;66,789111;98,212291;67,893131;100,560094;67,893131;67,893131
1999-02-28;179,060795;1775,958607;171,680926;82,102746;108,847416;76,35932;66,349974;115,936944;98,282874;60,715011;85,930694;66,242277;100,544838;66,242277;66,242277
1999-03-31;194,422282;2136,688813;205,218099;98,755242;132,73602;78,963291;77,060985;125,757454;98,282874;88,507973;74,342516;89,994284;121,120433;89,994284;89,994284
1999-04-30;180,567499;1703,448192;195,660825;102,050445;126,67001;84,277254;69,503956;139,61254;98,282874;76,448508;88,082424;61,6749;186,597197;61,6749;61,6749
1999-05-31;167,69947;692,893493;185,356171;89,601817;118,957941;76,854123;67,612935;127,372366;98,282874;51,419175;50,782447;74,623016;124,358841;74,623016;74,623016
1999-06-30;179,585053;1448,022057;213,94718;108,6682;143,092258;92,739707;76,759637;142,151266;98,282874;78,403416;88,560049;130,575021;132,885998;130,575021;130,575021
1999-07-31;191,029685;2126,777841;206,700362;101,634367;122,897542;86,783174;67,510686;118,502018;98,282874;59,787117;49,83004;73,650144;130,228454;73,650144;73,650144
1999-08-31;188,918288;2033,206612;155,318403;105,825311;72,961246;19,166758;49,916479;67,292298;98,282874;11,528295;33,213172;104,132138;122,206697;104,132138;104,132138
1999-09-30;184,062076;1996,696343;247,063735;118,683316;125,746621;79,724394;70,944272;131,227162;98,282874;79,415935;44,85318;102,156379;121,185533;102,156379;102,156379
1999-10-31;193,574851;2090,559071;206,288062;92,678192;125,179259;90,245487;73,630098;147,364399;98,282874;71,439273;80,29949;77,991614;131,150773;77,991614;77,991614
1999-11-30;182,460574;2004,785444;183,878114;88,251897;110,721556;80,166482;71,953184;130,003152;98,282874;73,944937;53,713526;89,691971;126,309132;89,691971;89,691971
1999-12-31;170,162766;1965,360184;165,865133;58,288592;94,07278;71,181024;53,994915;106,18825;98,282874;62,356746;89,174527;94,24803;121,906132;94,24803;94,24803
2000-01-31;173,337043;1965,068684;186,880883;80,619597;122,011687;81,29915;70,612434;129,089537;98,282874;82,60373;75,800104;71,713443;91,117505;71,713443;71,713443
2000-02-29;165,050888;1900,355872;185,42926;92,252057;132,382833;89,201824;76,595077;132,323875;98,282874;59,680497;96,168083;70,918417;94,612151;70,918417;70,918417
2000-03-31;176,771294;1948,890481;214,648386;97,950088;140,35895;88,879979;89,603642;143,556774;98,282874;88,131284;77,301745;94,653738;108,080728;94,653738;94,653738
2000-04-30;151,346919;1713,650663;175,185621;88,79728;119,698309;80,031617;72,588948;138,427425;98,282874;85,535546;46,762487;56,730354;137,99057;56,730354;56,730354
2000-05-31;167,323153;1419,528014;197,635245;109,844318;135,074336;86,677875;81,436004;125,92284;98,282874;68,48257;32,543601;86,575853;118,620263;86,575853;86,575853
2000-06-30;168,677607;765,112409;205,201509;115,827977;130,408368;92,146995;75,710187;140,825919;98,282874;84,087544;52,051469;141,299851;108,297426;141,299851;141,299851
2000-07-31;171,99408;1739,302588;206,534123;114,443157;121,943134;85,83248;66,995913;124,378301;98,282874;66,321056;35,905897;80,76419;92,848986;80,76419;80,76419
2000-08-31;178,899927;2009,230807;185,658518;110,092622;70,390738;38,55957;54,92069;70,711784;98,282874;9,352398;25,166556;113,058257;79,959972;113,058257;113,058257
2000-09-30;170,944127;1834,987186;230,300959;114,842258;121,479708;82,15226;86,772967;137,271251;98,282874;75,76001;38,33023;110,688467;92,747519;110,688467;110,688467
2000-10-31;173,910136;1979,060644;227,861006;101,851493;128,750824;96,146354;80,783722;153,439104;98,282874;83,840295;64,118519;90,931492;105,460085;90,931492;90,931492
2000-11-30;162,313254;1937,30339;203,363288;88,079472;114,634933;84,32283;76,855681;134,786348;98,282874;82,007142;55,813184;102,655345;96,065733;102,655345;102,655345
2000-12-31;175,40535;2014,477791;146,59638;74,129221;85,301113;64,366314;57,113837;109,97082;98,282874;74,245975;69,163003;113,054588;81,466418;113,054588;113,054588
2001-01-31;171,636435;1967,692177;200,967835;81,552506;133,025645;90,431805;78,803295;140,839358;98,282874;96,908022;90,580562;78,930946;93,923016;78,930946;78,930946
2001-02-28;155,199141;1754,460544;192,059711;88,540546;129,388236;91,128999;80,466189;144,054704;98,282874;83,82607;60,748018;74,651665;95,678643;74,651665;74,651665
2001-03-31;170,098132;1963,246815;219,638996;103,889442;140,46267;90,069694;93,566775;156,250097;98,282874;116,17915;66,704174;96,697328;110,291309;96,697328;96,697328
2001-04-30;161,834958;1801,319034;169,327828;92,199474;127,092237;83,64957;80,699162;143,994884;98,282874;89,47512;41,444848;61,710533;140,625977;61,710533;61,710533
2001-05-31;171,094941;1803,651027;187,050937;97,94113;132,046043;81,400138;85,305591;130,549344;98,282874;70,890964;45,937993;85,801939;94,365497;85,801939;85,801939
2001-06-30;161,527585;1742,290455;205,860065;106,62233;135,583052;95,023625;86,972665;145,752736;98,282874;92,793879;57,058956;142,915014;106,832148;142,915014;142,915014
2001-07-31;166,58201;1748,484812;206,99326;109,034831;132,947958;85,703186;78,564454;132,177288;98,282874;90,641455;56,10808;88,90421;103,880846;88,90421;88,90421
2001-08-31;167,929282;1808,460763;150,141373;116,803015;78,190112;42,815468;53,387227;75,314176;98,282874;11,92807;43,730152;115,364531;84,20938;115,364531;115,364531
2001-09-30;164,786605;1681,075632;208,117178;113,664538;130,547512;77,104294;83,475358;146,067999;98,282874;80,380845;53,620327;111,043814;98,596019;111,043814;111,043814
2001-10-31;170,714315;1689,018984;194,810844;104,856406;138,650669;92,48042;88,787676;149,987582;98,282874;102,389279;73,767675;92,556661;111,785346;92,556661;92,556661
2001-11-30;159,77527;1249,729756;176,649963;92,861164;132,037939;75,807575;79,280933;132,077876;98,282874;95,485593;96,208209;92,926769;100,979209;92,926769;92,926769
2001-12-31;164,507958;1324,645039;137,453935;71,384436;89,27776;54,413198;52,082669;108,094609;98,282874;75,439752;62,241711;85,582339;78,364441;85,582339;85,582339
2002-01-31;166,676807;1776,687355;181,863677;95,693919;135,108094;77,341797;80,146658;134,537393;98,282874;111,522852;116,395701;81,152725;103,499126;81,152725;81,152725
2002-02-28;149,254195;1624,306171;190,758812;90,711111;133,231073;81,529108;82,973755;138,749923;98,282874;108,629245;78,656536;71,333857;100,180188;71,333857;71,333857
2002-03-31;171,189738;1734,201353;191,098278;104,392856;146,107971;80,868273;84,188939;148,733517;98,282874;120,981417;100,626481;85,88355;115,631119;85,88355;85,88355
2002-04-30;163,277028;1561,925352;193,743139;102,204391;147,425728;81,844493;88,02352;151,72982;98,282874;97,033898;66,70111;63,763964;164,981919;63,763964;63,763964
2002-05-31;162,262983;1738,428091;193,805104;95,969068;125,482645;75,425708;80,869694;137,099533;98,282874;81,095388;73,6515;83,529969;112,841668;83,529969;83,529969
2002-06-30;151,005074;1660,233442;187,215677;117,490536;142,529944;93,648532;86,763421;152,351023;98,282874;96,798075;79,574814;134,511613;131,159632;134,511613;134,511613
2002-07-31;155,509387;1731,067737;195,262121;114,08137;154,166574;91,757207;86,516688;136,023329;98,282874;95,515037;74,927101;87,254876;123,557832;87,254876;87,254876
2002-08-31;155,88714;1730,630488;143,443844;102,012133;74,514991;36,751139;52,513327;82,34561;98,282874;10,887938;48,082962;103,925691;81,06655;103,925691;103,925691
2002-09-30;153,048963;1695,796339;195,300749;124,408726;131,354446;81,030885;88,46177;148,881453;98,282874;83,729828;80,304627;109,144009;115,798887;109,144009;109,144009
2002-10-31;160,00939;1572,85657;194,580719;117,548781;149,822522;92,412086;87,449048;154,647756;98,282874;93,251592;90,411926;89,371298;114,160704;89,371298;89,371298
2002-11-30;151,415863;1402,329564;169,238723;94,84404;117,149031;72,97565;80,45385;135,934255;98,282874;82,504259;93,06754;89,731297;96,606886;89,731297;89,731297
2002-12-31;152,032046;1754,169045;134,537741;70,985725;90,266071;59,339449;60,12574;111,238762;98,282874;79,377811;82,473391;86,157473;79,631173;86,157473;86,157473
2003-01-31;146,980493;1707,164806;183,66911;95,986414;130,192921;86,655765;81,543082;133,992069;98,282874;112,070497;107,386259;75,592136;104,639221;75,592136;75,592136
2003-02-28;137,772219;1507,633634;187,479705;93,41431;138,174692;85,0516;83,870284;136,129857;98,282874;108,072526;83,635532;74,100303;106,738169;74,100303;74,100303
2003-03-31;154,46087;1642,160495;209,34526;97,21575;149,457393;80,429768;93,62306;148,357117;98,282874;114,994069;100,567188;77,105004;111,936844;77,105004;77,105004
2003-04-30;148,708391;1534,524431;206,997845;102,42915;147,775872;87,283118;93,082837;144,93063;98,282874;117,029037;69,271262;72,175863;165,658911;72,175863;72,175863
2003-05-31;156,05519;1515,722736;184,810805;96,731106;126,374982;74,413754;82,370488;133,243957;98,282874;87,839823;73,115563;71,061109;93,405391;71,061109;71,061109
2003-06-30;144,955276;1320,491176;187,855113;115,413877;147,367983;84,011032;85,584479;149,336868;98,282874;105,33569;71,081548;84,555102;121,658836;84,555102;84,555102
2003-07-31;146,245095;1428,345864;204,628979;120,200955;152,345852;85,022489;83,559383;135,31775;98,282874;95,115925;79,532043;92,69027;131,330533;92,69027;92,69027
2003-08-31;138,848026;1517,690355;143,530491;102,886531;65,445634;37,668395;49,335862;70,695764;98,282874;10,725263;49,884924;71,658542;93,83159;71,658542;71,658542
2003-09-30;137,497881;1466,167879;208,02944;115,511941;147,067971;73,163464;96,797029;149,921704;98,282874;96,87955;83,388625;84,194748;116,444035;84,194748;84,194748
2003-10-31;143,830634;1133,785967;209,519717;96,785318;155,155107;93,670241;95,842942;155,260123;98,282874;110,376507;92,948973;98,479497;123,951335;98,479497;98,479497
2003-11-30;137,266633;1290,248139;175,554084;76,636362;118,14557;75,445308;78,978638;137,32629;98,282874;93,115733;92,15604;83,069495;104,962094;83,069495;83,069495
2003-12-31;149,422245;1515,285487;154,865074;74,147693;97,878667;57,269108;70,310966;114,848285;98,282874;88,871236;79,893168;110,910824;97,360145;110,910824;110,910824
2004-01-31;143,451445;1473,965482;188,379031;91,309557;139,332937;83,932129;84,232587;137,246544;98,282874;112,783465;91,423035;66,924495;108,357865;66,924495;66,924495
2004-02-29;135,510008;1371,722153;208,763767;97,824711;145,480769;92,480421;84,205707;142,563298;98,282874;114,96486;86,614301;68,256286;106,519639;68,256286;68,256286
2004-03-31;143,872288;1460,55652;214,442169;117,792581;175,444722;89,447879;97,075633;162,702764;98,282874;134,059293;93,214253;88,234536;126,225882;88,234536;88,234536
2004-04-30;138,38122;1426,523994;216,368914;116,162625;152,850416;94,082375;94,734865;154,16476;98,282874;120,035323;84,721751;85,897001;176,084628;85,897001;85,897001
2004-05-31;148,751481;1441,609075;188,716709;110,940421;134,9924;83,003698;81,45693;140,365282;98,282874;93,638456;74,575013;92,088833;117,743207;92,088833;92,088833
2004-06-30;134,385366;1224,952328;214,192419;146,609937;154,750952;99,710003;96,39085;169,680363;98,282874;126,282584;86,270079;117,792035;134,783237;117,792035;117,792035
2004-07-31;137,427501;1355,689699;199,243266;122,491759;135,883265;92,772548;88,931216;149,694257;98,282874;109,749767;65,34669;89,058861;130,019041;89,058861;89,058861
2004-08-31;134,100974;1331,05802;153,37547;133,264183;75,523241;37,842284;47,439262;71,918441;98,282874;21,348364;53,787999;94,119333;79,204666;94,119333;94,119333
2004-09-30;129,025004;1307,227964;206,666925;138,864652;144,151567;79,240246;100,558414;166,337565;98,282874;116,571527;78,813442;143,774585;121,171479;143,774585;143,774585
2004-10-31;130,48431;1346,87185;184,56058;114,179028;139,940976;95,434874;96,28105;162,377166;98,282874;118,022095;85,561181;95,158939;115,798935;95,158939;95,158939
2004-11-30;130,323442;1136,773833;187,85954;100,689526;126,445256;81,436369;88,315947;147,920204;98,282874;117,649681;81,144398;122,815775;101,301813;122,815775;122,815775
2004-12-31;135,823127;1294,329127;155,84644;91,951084;107,299322;61,792899;73,102017;124,823418;98,282874;99,824883;75,543499;121,25037;88,634804;121,25037;121,25037
2005-01-31;136,515435;1335,284758;180,884397;112,162983;144,287389;86,860727;82,786181;146,463176;98,282874;132,801469;83,241473;77,243195;113,12687;77,243195;77,243195
2005-02-28;116,834921;1156,595776;162,570529;108,295759;137,456897;80,44957;82,760647;148,039152;98,282874;126,056724;81,777988;89,713543;100,496837;89,713543;89,713543
2005-03-31;131,199599;1318,669306;190,219973;118,065072;140,772537;75,63137;88,195644;158,660939;98,282874;139,615658;86,731376;80,490673;115,034972;80,490673;80,490673
2005-04-30;121,013188;1283,179284;189,3311;109,536812;144,998138;84,75289;93,158219;161,322901;98,282874;120,695351;81,822606;77,036747;150,177891;77,036747;77,036747
2005-05-31;128,438984;1361,738307;168,61175;112,595352;141,850542;80,933081;88,31216;151,026938;98,282874;117,969783;73,98211;95,861025;132,189475;95,861025;95,861025
2005-06-30;123,019733;1265,980834;206,012841;136,295917;163,631043;93,814492;95,402387;166,688715;98,282874;136,600269;81,372155;101,288672;128,019003;101,288672;101,288672
2005-07-31;129,409939;1167,30837;190,107472;117,288187;141,022738;82,543078;76,918479;133,36801;98,282874;117,637634;68,30115;98,443198;97,363812;98,443198;98,443198
2005-08-31;133,815146;1067,907158;152,645495;116,193399;89,333829;36,568557;51,435218;68,935709;98,282874;23,213088;37,526991;101,873739;70,863111;101,873739;101,873739
2005-09-30;130,234389;577,678452;194,93244;130,529787;165,817732;81,077164;100,354307;164,247672;98,282874;125,71931;68,393443;120,289517;114,067298;120,289517;120,289517
2005-10-31;135,998358;614,042972;187,073244;107,227087;154,437954;85,41787;82,498991;141,571672;98,282874;121,929178;73,336684;104,768484;95,584347;104,768484;104,768484
2005-11-30;129,076712;806,942538;193,56364;102,846366;149,016307;76,302286;86,135427;142,646306;98,282874;129,353273;73,796369;105,386039;99,952742;105,386039;105,386039
2005-12-31;133,272215;1178,239588;154,168149;86,717056;117,949284;59,819303;66,897394;108,798477;98,282874;106,886916;61,610109;130,912489;77,702491;130,912489;130,912489
2006-01-31;131,19529;1246,158891;184,284526;108,160406;154,40145;95,965791;80,880839;136,881453;98,282874;138,812145;68,234623;108,561233;94,538218;108,561233;108,561233
2006-02-28;119,094259;1142,895315;178,559532;104,793608;154,787996;82,872533;71,40735;130,168562;98,282874;131,467765;65,279678;119,618448;111,439443;119,618448;119,618448
2006-03-31;126,614852;1191,721424;201,478923;119,683076;177,409264;86,795282;85,015854;150,718689;98,282874;151,052129;81,901813;141,099523;101,503728;141,099523;141,099523
2006-04-30;121,267417;1229,616314;178,327735;101,691751;145,725522;79,961442;74,20973;134,702302;98,282874;125,426354;65,080994;119,287073;153,461873;119,287073;119,287073
2006-05-31;127,04575;1194,782165;186,037285;115,058505;156,977938;83,451294;77,661502;141,100788;98,282874;113,558575;70,559889;139,764549;108,886953;139,764549;139,764549
2006-06-30;123,523883;1052,676327;194,595332;143,526508;171,196402;93,431205;84,132653;151,752734;98,282874;131,526733;78,904888;185,704975;123,339715;185,704975;185,704975
2006-07-31;125,517501;1005,526338;176,154297;124,605516;155,178269;75,892021;65,077637;121,179515;98,282874;120,910208;69,193839;107,178686;92,678441;107,178686;107,178686
2006-08-31;126,768539;1139,543075;158,532728;123,494935;96,452624;46,132373;46,420553;68,438239;98,282874;23,541306;38,337455;135,395778;77,779802;135,395778;135,395778
2006-09-30;127,446484;1092,393087;177,824973;132,62043;172,478494;85,26363;79,329416;145,544521;98,282874;121,60731;75,500722;153,125871;104,071994;153,125871;153,125871
2006-10-31;132,436274;1149,016798;187,410879;123,937301;178,970908;94,683197;78,177772;137,590364;98,282874;137,346142;84,193206;158,047057;111,236917;158,047057;158,047057
2006-11-30;127,098894;1113,526775;188,232571;108,739577;166,647035;83,041257;74,462014;132,331262;98,282874;129,687685;79,939005;143,01928;109,635289;143,01928;143,01928
2006-12-31;127,821365;1121,980251;157,607739;87,542185;114,98436;51,646295;55,330308;97,450602;98,282874;104,673342;67,957375;179,814944;81,994484;179,814944;179,814944
2007-01-31;112,793104;1107,696792;184,788711;114,295126;175,022868;92,796756;65,851804;134,041327;98,282874;141,358319;86,926393;132,059546;108,944506;132,059546;132,059546
2007-02-28;96,003911;1024,692408;178,698629;111,069771;178,045923;89,465711;69,710262;137,884392;98,282874;139,919853;86,127353;103,869799;101,27489;103,869799;103,869799
2007-03-31;118,297099;1141,875068;212,002799;122,565003;192,403732;91,342078;84,800896;153,300111;98,282874;158,701805;93,568525;128,583297;108,692903;128,583297;128,583297
2007-04-30;114,169103;652,083612;199,918233;103,19426;174,336529;94,756842;76,90197;140,167774;98,282874;124,783145;76,190446;123,071069;134,223916;123,071069;123,071069
2007-05-31;121,818966;1049,761335;184,224403;115,631189;167,781656;85,194971;76,213419;136,61829;98,282874;124,802792;82,310174;162,189591;116,243546;162,189591;162,189591
2007-06-30;117,896364;1103,178555;185,49176;143,343318;176,563472;99,761372;82,999069;147,073219;98,282874;151,058118;87,820997;172,021903;135,875414;172,021903;172,021903
2007-07-31;120,944244;1126,206989;199,293932;121,069243;171,015665;92,749731;72,942829;130,573883;98,282874;141,454046;75,878813;189,024974;113,51608;189,024974;189,024974
2007-08-31;119,907218;1111,850655;162,100143;116,512061;100,630493;48,858061;47,389311;72,090017;98,282874;40,907806;47,993192;117,223878;93,38263;117,223878;117,223878
2007-09-30;116,044942;1084,158235;199,815025;123,326455;159,241056;81,596913;80,102119;137,673799;98,282874;133,998924;87,799731;162,361287;123,187774;162,361287;162,361287
2007-10-31;122,071759;1143,186815;210,240795;126,785195;183,008969;104,603729;87,481317;148,630857;98,282874;159,127362;95,744628;128,285787;136,257868;128,285787;128,285787
2007-11-30;116,720015;965,590954;192,803019;107,110784;162,954359;99,767927;79,288169;137,175728;98,282874;147,080629;83,571058;165,182016;119,887818;165,182016;165,182016
2007-12-31;123,318488;1038,465743;141,363545;80,453157;110,875992;61,638107;62,087447;104,10412;98,282874;114,987441;79,804929;186,626139;89,191766;186,626139;186,626139
2008-01-31;121,235818;1082,64244;201,798522;111,253167;179,172578;100,210884;72,020053;137,060464;98,282874;151,982476;93,667871;99,61687;103,705415;99,61687;99,61687
2008-02-29;112,903701;964,118883;201,493878;113,805297;170,972652;105,127014;75,305057;141,05155;98,282874;153,947188;99,246198;122,027557;104,108289;122,027557;122,027557
2008-03-31;121,405304;1090,848141;192,105765;106,732882;170,299795;83,103935;74,176604;134,678016;98,282874;150,887973;102,067303;116,524558;129,639714;116,524558;116,524558
2008-04-30;117,350561;1041,963733;209,497191;113,425474;176,389636;102,281255;84,868421;151,358597;98,282874;153,237227;92,855554;147,058867;109,160166;147,058867;147,058867
2008-05-31;117,686661;1049,885222;176,984456;102,354793;149,185572;93,391814;72,344934;122,803352;98,282874;126,93434;79,972242;118,046397;110,347452;118,046397;118,046397
2008-06-30;116,230228;997,510111;194,298358;134,143828;179,976289;105,155058;77,946134;136,186886;98,282874;143,807118;96,044409;125,62719;131,687535;125,62719;125,62719
2008-07-31;122,768376;1022,309402;205,475212;130,681994;174,378261;100,115716;76,930647;131,085863;98,282874;142,229249;76,17873;119,409306;127,106449;119,409306;119,409306
2008-08-31;118,996589;988,065539;160,134176;112,009218;82,254229;45,871544;37,31888;57,823693;98,282874;39,436963;51,40914;119,726795;73,600278;119,726795;119,726795
2008-09-30;111,960036;684,024632;186,658405;122,44432;156,35156;86,31737;75,567619;127,352109;98,282874;143,339156;95,528546;170,23408;122,333769;170,23408;170,23408
2008-10-31;115,138622;640,839032;200,750739;109,263716;162,122464;96,512149;66,354857;113,261642;98,282874;131,090154;101,95931;140,476105;112,312793;140,476105;140,476105
2008-11-30;107,34369;1029,203357;165,808344;88,864618;127,627519;68,441455;48,462579;80,043122;98,282874;96,421167;97,382797;143,754125;95,007533;143,754125;143,754125
2008-12-31;113,469613;1085,834356;109,55874;91,282975;100,147848;40,876655;26,725146;48,694793;98,282874;81,64589;99,049618;211,31118;109,263792;211,31118;211,31118
2009-01-31;105,354381;1012,136082;136,543006;86,6251;126,320118;65,868219;51,445799;80,350509;98,282874;42,068134;93,010081;140,05762;106,41347;140,05762;140,05762
2009-02-28;107,883748;935,537391;159,779045;98,511397;125,620352;54,205112;50,016655;79,587751;98,282874;89,610148;106,814904;131,242421;100,417402;131,242421;131,242421
2009-03-31;112,074942;1014,737711;170,491929;109,37169;142,303105;53,26072;62,885904;93,018857;98,282874;109,536946;110,929077;129,221836;110,512098;129,221836;129,221836
2009-04-30;108,403698;963,565035;164,455903;108,140648;147,487134;68,414014;63,604846;98,211124;98,282874;89,290704;104,851285;132,542646;111,701278;132,542646;132,542646
2009-05-31;110,878484;977,673594;152,019135;99,240554;124,753364;68,038824;60,727402;95,515658;98,282874;55,218101;102,674268;155,970006;106,67157;155,970006;155,970006
2009-06-30;110,878484;910,227977;166,975742;130,666456;142,721451;83,730961;74,835605;110,012374;98,282874;67,398457;112,112252;216,984953;105,551896;216,984953;216,984953
2009-07-31;108,464023;958,711574;178,418809;117,021981;137,627805;87,890287;64,013777;110,011666;98,282874;66,83572;105,769643;141,569505;100,951887;141,569505;141,569505
2009-08-31;109,193676;909,302467;124,746208;108,862736;66,562683;38,168541;43,583107;56,569857;98,282874;13,969921;49,507794;116,958619;78,036671;116,958619;116,958619
2009-09-30;105,071425;909,470079;174,091565;127,660296;148,498988;80,045247;78,572407;130,27837;98,282874;87,145887;112,421275;124,056477;98,526666;124,056477;124,056477
2009-10-31;109,611646;943,743092;164,310124;94,233094;148,78363;91,134355;78,123675;123,914343;98,282874;83,041793;111,682686;155,452743;100,783381;155,452743;155,452743
2009-11-30;105,048444;866,466666;145,317609;92,351691;137,859231;78,815245;73,15709;114,56046;98,282874;75,642755;114,605127;156,26936;99,379137;156,26936;156,26936
2009-12-31;107,013336;825,255973;110,845387;76,255245;95,310648;61,21665;57,407522;87,029441;98,282874;73,441666;109,396611;231,520459;95,139976;231,520459;231,520459
2010-01-31;103,817514;868,667484;121,99129;79,225982;118,463305;78,428681;76,401102;105,834793;98,282874;88,325401;117,109086;118,543551;105,927407;118,543551;118,543551
2010-02-28;90,031675;785,473625;153,666617;86,716438;123,384881;79,61439;78,367554;106,396279;98,282874;91,9352;115,139846;104,995795;110,494734;104,995795;104,995795
2010-03-31;105,648828;919,32275;176,3023;94,610227;158,946008;89,376286;93,847053;124,194493;98,282874;114,363373;122,532108;222,603848;121,664634;222,603848;222,603848
2010-04-30;103,47136;729,622387;167,505203;93,121739;150,646857;84,410119;82,211682;113,857818;98,282874;103,974625;114,040987;164,491118;114,189654;164,491118;164,491118
2010-05-31;100,699255;842,738635;154,277663;90,999442;137,475892;77,870377;76,212678;104,701353;98,282874;94,866702;96,748302;154,713479;119,898911;154,713479;154,713479
2010-06-30;110,247938;716,410188;181,756717;114,652;157,298815;92,96282;89,061837;120,134529;98,282874;115,610041;119,58219;152,192114;150,128358;152,192114;152,192114
2010-07-31;113,261346;873,819732;179,700691;107,161544;145,433295;82,534879;77,819106;105,244287;98,282874;108,5412;102,110545;164,24363;146,676353;164,24363;164,24363
2010-08-31;111,55212;854,981599;145,321408;101,428463;80,879518;47,013569;50,682325;56,220975;98,282874;17,970494;54,565536;139,539475;82,228352;139,539475;139,539475
2010-09-30;110,779378;809,558743;183,301762;113,941367;152,105324;86,107905;98,178069;126,826195;98,282874;101,133273;112,891071;136,123719;120,58655;136,123719;136,123719
2010-10-31;114,2639;772,640375;161,58457;93,755547;142,460726;84,879295;94,963167;117,633421;98,282874;102,775299;117,014936;173,214145;124,191671;173,214145;173,214145
2010-11-30;109,82135;1035,754801;159,649045;94,110863;142,120518;82,408507;94,477314;118,217558;98,282874;102,15813;98,184309;147,42887;124,817735;147,42887;147,42887
2010-12-31;112,718416;848,750805;118,356368;82,644703;92,786023;64,708377;79,18331;89,697777;98,282874;89,078491;103,36306;263,075486;101,522571;263,075486;263,075486
2011-01-31;112,115159;832,594464;164,092868;87,30223;147,59402;89,077383;100,793004;115,032322;98,282874;118,723608;110,267703;141,933703;109,933313;141,933703;141,933703
2011-02-28;100,371773;700,399597;163,29544;83,720256;150,466769;82,006431;100,354558;118,103454;98,282874;115,352593;111,897768;101,993913;106,560109;101,993913;101,993913
2011-03-31;112,671017;548,965785;198,263454;101,860605;167,712868;99,606231;112,809;125,076923;98,282874;137,379927;124,283102;124,728317;117,566606;124,728317;124,728317
2011-04-30;109,987963;509,795586;165,348998;100,333704;137,372195;89,837761;94,384844;110,000623;98,282874;110,571441;104,504386;154,683912;100,438785;154,683912;154,683912
2011-05-31;112,583401;685,197916;168,361262;119,002227;161,013873;101,6502;111,994797;123,817994;98,282874;132,481533;103,669832;158,012486;126,95809;158,012486;158,012486
2011-06-30;106,489448;700,115385;155,866802;116,361361;141,397876;93,143867;101,976598;111,510175;98,282874;116,558221;110,613764;165,344899;108,508808;165,344899;165,344899
2011-07-31;107,398271;706,885453;174,745168;105,096867;138,510798;87,812225;87,684617;101,234228;98,282874;108,272768;96,761483;149,577383;113,166571;149,577383;149,577383
2011-08-31;109,656172;683,171997;142,854464;110,973993;77,96745;55,413495;65,191786;58,944006;98,282874;17,356415;52,889998;133,806019;74,140134;133,806019;133,806019
2011-09-30;107,408325;449,89251;169,185331;120,942063;160,449323;106,09905;103,545072;114,725139;98,282874;113,775191;111,776267;183,856148;111,020624;183,856148;183,856148
2011-10-31;106,071107;715,783465;165,776003;97,884901;147,17866;96,013047;96,845736;103,348559;98,282874;106,821508;103,666328;192,015059;106,312463;192,015059;192,015059
2011-11-30;102,010619;674,944433;157,905221;84,805411;144,010842;93,632269;100,623214;103,010778;98,282874;113,77237;105,24701;213,663238;109,736668;213,663238;213,663238
2011-12-31;102,162869;698,322665;106,055123;79,206775;99,361081;69,981197;89,481652;75,871116;98,282874;83,13749;96,680341;304,6457;93,465271;304,6457;304,6457
2012-01-31;94,813198;664,180827;164,642548;87,840203;147,069943;101,415872;118,099453;100,53434;98,282874;115,119464;112,039596;111,608209;116,197486;111,608209;111,608209
2012-02-29;91,753827;601,727132;107,31546;90,156998;121,535635;95,227116;109,273218;99,135276;98,282874;114,326087;114,074997;123,378684;117,372836;123,378684;123,378684
2012-03-31;102,217449;615,850267;137,401241;96,444688;145,25394;99,783709;111,639461;104,018709;98,282874;118,395924;114,145102;172,697987;129,184104;172,697987;172,697987
2012-04-30;100,242503;613,591148;132,095178;91,830899;136,85964;94,327796;101,400386;92,950615;98,282874;101,836176;97,951727;134,216618;94,633533;134,216618;134,216618
2012-05-31;101,153133;638,026065;120,442097;90,003865;126,509255;86,70723;94,505776;95,566169;98,282874;91,769869;85,816522;109,016707;98,109822;109,016707;109,016707
2012-06-30;95,993856;655,129778;140,73135;107,554744;155,853683;96,799148;109,130422;102,309085;98,282874;108,908708;111,144167;146,91784;105,252287;146,91784;146,91784
2012-07-31;96,878632;634,491638;127,155151;100,086875;151,134301;94,773339;98,339306;94,627347;98,282874;101,795645;106,432308;131,899649;124,597141;131,899649;131,899649
2012-08-31;98,712818;644,183985;81,77456;99,224842;72,912538;60,833196;68,302712;56,778935;98,282874;18,480783;58,642616;118,555945;70,848464;118,555945;118,555945
2012-09-30;94,25734;648,199385;126,386159;103,94424;134,557841;91,601981;105,13237;95,464066;98,282874;85,097214;107,231169;162,284464;99,527266;162,284464;162,284464
2012-10-31;96,138925;642,697339;136,098446;98,588549;145,316996;97,000207;113,600146;96,264614;98,282874;97,509869;117,427399;165,296645;108,067386;165,296645;165,296645
2012-11-30;94,087854;625,455164;116,786752;82,879225;125,019151;90,075302;106,103213;91,66549;98,282874;93,288664;109,380218;146,613293;106,02323;146,613293;146,613293
2012-12-31;95,341765;631,758833;86,862642;67,899922;83,442028;64,835275;62,155939;66,139075;98,282874;73,577498;86,442178;185,685538;102,461731;185,685538;185,685538
2013-01-31;88,482806;600,874497;114,692808;81,519733;121,419911;99,167088;106,096665;90,401212;98,282874;107,649494;113,307542;144,072514;115,007998;144,072514;144,072514
2013-02-28;86,489696;568,08813;105,613334;74,663222;119,545307;94,271622;101,106954;90,940225;91,710369;101,521343;108,065057;112,010608;110,200549;112,010608;112,010608
2013-03-31;96,275968;581,118142;106,201414;79,919567;123,952831;100,06122;103,332171;95,958884;94,037422;105,517999;115,707385;205,365246;117,709366;205,365246;205,365246
2013-04-30;91,426342;584,674432;119,086358;84,336832;140,506507;104,382116;109,159742;103,331529;105,538006;109,467612;97,501452;112,10671;115,258317;112,10671;112,10671
2013-05-31;94,671327;614,487508;101,87459;79,471789;131,591524;95,145682;104,387452;96,495531;72,500763;89,624153;86,703544;105,521924;95,785673;105,521924;105,521924
2013-06-30;93,417481;586,773226;104,466567;91,255199;136,694161;97,1765;107,3219;96,978991;95,38132;97,79646;101,117486;203,297093;109,738372;203,297093;203,297093
2013-07-31;100,997176;576,133507;115,739165;104,857957;155,2955;106,116445;94,090496;91,26741;96,477095;97,353674;102,813903;138,678949;117,308179;138,678949;138,678949
2013-08-31;105,861713;559,131818;69,064566;97,686791;62,355956;59,604792;71,355328;50,817744;38,42362;14,28958;52,834358;95,085141;67,28197;95,085141;95,085141
2013-09-30;96,490075;465,997838;109,390877;103,517313;137,603915;90,061987;107,095021;97,773493;90,859175;91,456481;106,108644;169,93785;98,828905;169,93785;169,93785
2013-10-31;94,87352;203,451836;113,922993;101,958832;150,336995;107,626085;112,395672;99,773348;118,715473;99,150802;120,303446;108,337233;120,5853;108,337233;108,337233
2013-11-30;91,192568;47,601812;94,346525;76,436852;121,99123;90,393473;106,652139;90,988501;104,92839;89,440269;101,610434;120,743829;107,808005;120,743829;120,743829
2013-12-31;94,692844;26,701323;80,942839;66,833165;87,499876;70,740674;92,250964;70,401536;83,59475;68,415124;88,307492;218,3777;93,719422;218,3777;218,3777
2014-01-31;91,751955;14,021109;107,059545;83,606351;120,385124;104,68095;109,123404;100,442176;97,096799;102,536475;113,20324;98,539516;109,745313;98,539516;98,539516
2014-02-28;82,286602;35,016336;103,110145;79,786;114,540163;96,695855;104,544354;98,23256;87,64211;100,090213;108,474836;103,293893;94,551139;103,293893;103,293893
2014-03-31;92,827989;41,268993;113,507642;83,7797;116,227127;98,663516;110,072772;100,890986;97,350867;106,904516;113,058798;136,63336;103,841785;136,63336;136,63336
2014-04-30;90,828025;42,609889;116,338131;87,901413;127,641777;100,817521;103,921738;98,753856;119,789923;105,777269;100,627329;122,49789;111,983732;122,49789;122,49789
2014-05-31;94,490038;44,519209;98,402885;80,466063;104,989864;90,338922;105,214875;96,07063;79,191247;79,011171;82,603923;102,703788;86,16037;102,703788;102,703788
2014-06-30;88,94581;23,18147;110,352239;101,800023;118,316211;100,911695;110,857155;102,759759;97,207219;92,70644;101,790858;151,496522;107,419533;151,496522;151,496522
2014-07-31;95,284308;17,606549;114,977182;109,540735;124,869292;101,436881;96,232635;100,251107;98,072042;83,667958;101,254026;132,151959;108,80292;132,151959;132,151959
2014-08-31;93,62679;48,804246;62,733531;97,792988;45,014398;66,329267;60,869789;56,445376;45,642679;9,142137;49,271006;108,420218;57,660494;108,420218;108,420218
2014-09-30;92,370007;22,831671;106,578011;117,580141;122,245075;108,498471;105,880508;104,634396;103,152387;93,0282;110,781026;269,580849;102,414679;269,580849;269,580849
2014-10-31;95,269945;43,775886;102,17734;108,004594;121,905915;113,376749;105,612583;102,095235;124,586426;101,044605;120,581521;117,563065;118,081702;117,563065;117,563065
2014-11-30;89,875112;21,104539;84,875356;73,120054;98,26088;96,014563;96,022311;90,722313;94,238093;84,863077;96,897361;134,875995;102,252446;134,875995;134,875995
2014-12-31;93,346707;21,104539;68,151826;74,365502;80,621274;79,607875;79,004592;74,169831;84,813527;75,02499;92,915554;234,062162;85,793917;234,062162;234,062162
2015-01-31;92,950282;126,240997;99,597371;82,724172;97,206508;106,646933;103,954897;96,224818;97,974935;103,865133;105,471448;86,055448;103,933594;86,055448;86,055448
2015-02-28;87,878621;100,960733;92,601877;85,131916;95,719815;102,12787;100,168829;103,411925;103,942512;103,403878;108,82495;87,532472;102,177724;87,532472;87,532472
2015-03-31;100,578599;80,905591;111,182448;97,232783;105,957575;109,374252;103,446697;109,568199;107,892364;120,160224;116,39218;108,264482;106,922032;108,264482;108,264482
2015-04-30;99,540137;119,019105;114,373772;92,912196;106,875707;105,009555;112,737836;107,092824;115,213709;119,110184;100,468279;95,436791;124,980331;95,436791;95,436791
2015-05-31;106,601106;118,10817;97,286065;82,540024;90,797443;91,1115;95,022722;94,834632;85,388764;95,220169;79,792512;82,255065;94,756831;82,255065;82,255065
2015-06-30;102,440075;94,737226;114,919237;120,175402;121,521455;110,508881;109,283857;115,241545;109,672083;125,791672;113,290911;105,522781;109,853569;105,522781;105,522781
2015-07-31;105,839855;110,244981;116,562021;123,37038;114,035341;101,557978;98,102349;98,312935;102,925177;100,888275;93,612246;102,203751;100,534298;102,203751;102,203751
2015-08-31;100,995133;96,333184;71,606614;115,408254;58,951193;66,674657;65,382069;65,153958;56,26916;10,291628;49,46515;76,986596;61,194164;76,986596;76,986596
2015-09-30;96,554019;89,526678;110,650267;134,700125;115,539373;108,691413;112,984975;113,233965;91,01518;112,820084;116,135214;123,343489;95,779357;123,343489;123,343489
2015-10-31;101,895709;88,331532;101,971732;104,815103;110,281312;106,478953;117,556224;109,971905;142,042231;116,08889;116,195683;98,421447;121,115555;98,421447;98,421447
2015-11-30;101,449012;90,984174;94,273489;90,98554;101,839631;106,862867;105,957986;106,052021;99,920631;108,109797;103,517086;107,556342;96,724265;107,556342;107,556342
2015-12-31;103,277452;84,60763;74,975106;70,004105;81,274648;84,955141;75,401561;80,901273;87,743255;84,250064;96,83434;126,421337;82,02828;126,421337;126,421337
2016-01-31;100,615944;136,931728;99,063023;88,99848;103,970196;104,882724;109,293741;99,133899;98,672818;118,381632;103,931612;88,834445;105,342499;88,834445;88,834445
2016-02-29;97,700206;151,069438;99,348246;95,239625;103,860112;107,750889;111,827558;111,144694;110,288417;121,74252;105,501114;87,542251;102,183486;87,542251;87,542251
2016-03-31;102,498965;156,243548;93,422181;99,479014;111,850565;113,062528;114,798739;113,141512;109,97521;136,801341;119,154649;86,381439;102,017752;86,381439;86,381439
2016-04-30;101,546682;122,356771;101,752287;93,674558;111,861744;107,658611;117,458013;111,361244;119,154021;127,71466;104,588914;89,917844;108,953884;89,917844;89,917844
2016-05-31;100,282716;148,766594;95,550137;87,892414;105,518939;105,670536;125,373095;105,594877;91,154028;120,202607;96,304027;99,662422;89,157175;99,662422;99,662422
2016-06-30;95,867456;135,773019;108,252597;113,739936;106,818623;113,480213;132,815056;115,407045;108,744184;136,268706;115,765867;96,287153;99,403436;96,287153;96,287153
2016-07-31;99,955235;149,684817;89,215;102,296774;87,164369;99,310322;98,255735;88,752298;97,329185;106,410736;87,380588;90,90373;94,417866;90,90373;90,90373
2016-08-31;98,340548;157,01602;75,079678;110,689489;55,929209;79,553174;91,822285;68,960059;59,646461;14,95525;54,724;80,228343;73,954999;80,228343;80,228343
2016-09-30;92,469283;117,853109;118,068527;131,309494;100,703195;113,908816;128,431416;115,244779;100,873544;123,553268;115,666992;105,062962;94,672244;105,062962;105,062962
2016-10-31;96,655998;75,002733;93,352098;92,141365;97,611989;111,956297;126,882038;103,061428;127,725585;117,925955;101,493847;93,179844;116,537478;93,179844;93,179844
2016-11-30;91,043162;119,689553;95,186578;90,60113;95,959038;109,620269;127,878409;110,623769;99,464429;125,221086;98,645436;106,046789;98,951217;106,046789;106,046789
2016-12-31;94,769959;122,684707;71,347082;73,929424;69,795297;93,498795;95,885928;87,053003;87,147643;89,718748;85,009989;121,99609;80,252464;121,99609;121,99609
2017-01-31;91,072111;88,411694;94,793655;90,375484;103,258271;118,515612;122,126949;109,470789;107,73194;126,754482;100,610195;85,086801;105,363973;85,086801;85,086801
2017-02-28;80,363535;108,393961;92,567984;92,09036;88,077386;109,379603;116,516278;107,47272;110,347994;119,651336;94,866528;80,867193;115,878467;80,867193;80,867193
2017-03-31;91,467586;117,160798;117,859795;104,097528;111,140741;125,700506;136,902012;121,548769;128,918444;140,262147;118,288472;108,021717;129,627146;108,021717;108,021717
2017-04-30;92,995534;114,00532;105,363043;89,33323;95,6541;105,048979;105,956898;99,534984;99,08765;112,665692;84,591896;86,229788;104,659866;86,229788;86,229788
2017-05-31;94,935264;104,844959;107,862164;105,247861;100,380831;115,149368;119,978982;114,999063;76,167358;118,80867;89,003865;92,897906;83,027453;92,897906;92,897906
2017-06-30;89,091877;92,550982;118,061422;126,220946;107,885348;120,961054;122,064822;116,194606;107,960956;123,707198;116,259526;100,647781;107,421845;100,647781;100,647781
2017-07-31;91,131678;102,141304;106,726803;105,803298;107,033842;100,720643;99,416376;99,995273;101,533824;109,378544;82,899292;91,187121;94,948968;91,187121;91,187121
2017-08-31;90,541605;116,708975;81,524008;120,994368;61,659847;81,144515;88,614358;71,277424;57,637928;15,869346;54,054156;89,363958;75,846068;89,363958;89,363958
2017-09-30;90,214508;98,067604;102,10258;129,42913;107,521588;115,819545;123,707866;121,562907;126,975409;117,042862;110,057668;111,326571;123,552392;111,326571;111,326571
2017-10-31;92,787451;113,648233;108,588184;110,744569;115,485134;120,082523;124,220226;123,731549;144,719926;136,022656;109,991676;95,986432;147,629403;95,986432;95,986432
2017-11-30;91,131881;109,508945;105,394524;94,740072;113,697244;115,219079;117,381887;119,873515;120,11165;135,28395;108,093938;100,071414;118,443907;100,071414;100,071414
2017-12-31;92,571902;102,046567;74,835422;71,026951;76,367446;89,806401;80,696311;86,37452;106,299457;101,087229;82,974644;120,50906;100,401375;120,50906;120,50906
2018-01-31;90,278821;97,732379;87,554837;92,653917;111,044843;112,088319;120,037679;110,238954;135,819994;142,266815;108,077202;86,057124;115,147833;86,057124;86,057124
2018-02-28;83,215638;81,320977;86,701723;96,720925;95,05766;105,765598;112,851666;109,572113;120,03743;136,324195;108,155284;87,041459;100,274255;87,041459;87,041459
2018-03-31;96,042571;24,238155;101,963313;105,244383;104,753669;112,757384;128,851666;118,67065;162,182454;151,1721;119,373193;88,434606;133,475872;88,434606;88,434606
2018-04-30;94,156734;50,618828;101,26355;99,043014;97,861567;104,992599;117,64118;108,087204;132,909556;139,158843;108,620936;94,018691;112,074196;94,018691;94,018691
2018-05-31;93,812076;85,285366;91,662997;93,48566;101,880624;100,031141;115,271379;104,115863;96,055677;119,542395;75,876667;82,512308;86,366022;82,512308;82,512308
2018-06-30;93,580828;98,701614;104,325142;119,644256;107,380697;110,217085;123,595185;113,36179;168,101181;148,897788;118,139349;99,959992;124,968114;99,959992;99,959992
2018-07-31;94,727015;104,108924;116,708469;108,336;112,949154;93,642408;105,330056;102,528883;134,826666;142,252571;104,248881;93,632082;104,178731;93,632082;93,632082
2018-08-31;94,281754;113,16726;104,695629;108,281228;59,795139;82,865503;80,388833;63,874759;69,047189;23,615714;58,121136;81,645188;71,497398;81,645188;81,645188
2018-09-30;91,638918;88,783355;93,608416;117,148654;104,993254;95,741157;107,082025;102,47769;143,393261;133,817346;110,519996;110,695812;117,167822;110,695812;110,695812
2018-10-31;96,28399;113,116247;106,643831;115,24763;121,786046;115,477868;124,701145;112,238906;167,362755;170,488296;118,640418;110,906337;121,953126;110,906337;110,906337
2018-11-30;90,597583;111,410977;89,639169;97,135433;103,957356;102,729336;110,297188;104,089722;148,822358;150,387949;120,15031;108,002192;114,969951;108,002192;108,002192
2018-12-31;92,660144;135,889619;71,014736;80,3383;72,326635;78,584968;86,7437;77,387001;108,080614;113,560413;90,115844;136,043669;82,174968;136,043669;136,043669
2019-01-31;92,831097;134,169774;91,518551;96,887177;114,737632;113,276998;115,541958;108,7339;141,833427;162,152863;110,484866;85,697953;111,839208;85,697953;85,697953
2019-02-28;85,683017;132,449929;91,751021;101,661321;102,825208;100,750106;111,850589;104,798159;150,64445;148,668725;112,678168;76,498779;110,715742;76,498779;76,498779
2019-03-31;92,752155;125,949498;98,730056;107,068727;120,415732;104,974339;119,913398;110,922355;187,339854;158,656598;122,974516;87,830982;136,560736;87,830982;87,830982
2019-04-30;89,348391;110,645792;98,387611;105,177017;113,644526;102,564143;103,465454;107,869464;147,381575;154,914672;109,855995;92,525916;112,750527;92,525916;92,525916
2019-05-31;72,26024;130,649922;94,343918;99,658699;110,673994;100,020371;117,058673;106,224703;155,267595;143,83177;103,085732;77,467584;116,926535;77,467584;77,467584
2019-06-30;73,661816;114,180219;94,278409;110,44613;98,359314;94,255076;119,14221;101,002956;152,360509;148,944136;116,979467;92,655614;108,135908;92,655614;92,655614
2019-07-31;83,16495;105,704881;114,325315;120,02657;125,239999;90,069111;108,541127;100,959677;137,171111;167,317831;121,345275;97,167658;95,81858;97,167658;97,167658
2019-08-31;90,766718;79,506395;97,902023;100,065594;52,108495;81,71542;85,182986;59,252974;91,620903;21,616119;61,212625;72,630064;84,037167;72,630064;72,630064
2019-09-30;89,025138;81,328264;99,954998;116,725328;109,219142;106,353543;123,648344;104,74081;164,364827;153,969752;128,161047;97,20618;109,464581;97,20618;97,20618
2019-10-31;94,910821;79,506395;110,267065;123,154559;104,587728;114,094755;137,274958;114,231371;186,256413;175,34465;138,479306;110,534069;122,124538;110,534069;110,534069
2019-11-30;88,630925;92,988231;89,704144;91,917665;80,684933;102,214402;126,733352;102,354999;159,273835;148,338235;121,707717;90,147103;109,271492;90,147103;90,147103
2019-12-31;87,818439;126,364884;69,963785;75,651094;60,5611;86,312826;100,052306;76,988924;118,27528;117,401833;95,798991;128,445608;85,279329;128,445608;128,445608
2020-01-31;87,499848;109,312183;94,5408;99,021949;87,977687;113,316117;128,230434;99,258907;178,167729;154,22476;125,213915;82,002322;118,143353;82,002322;82,002322
2020-02-29;84,571384;93,27973;105,997883;98,570093;100,014992;104,771603;130,538864;98,663651;151,532104;149,129147;124,737019;77,546904;103,939661;77,546904;77,546904
2020-03-31;85,933896;121,336524;99,547603;103,403098;65,295076;75,853072;95,552611;67,21624;136,241109;86,391625;104,639873;62,803139;85,916754;62,803139;62,803139
2020-04-30;55,901305;85,409253;65,470296;105,418607;40,10365;50,040052;29,095004;10,741867;80,518209;22,744063;75,815584;74,086936;56,805902;74,086936;74,086936
2020-05-31;49,534684;98,599589;70,315464;100,663893;64,351499;49,314162;51,129118;34,729295;122,901027;96,200652;55,552746;58,414266;76,989004;58,414266;58,414266
2020-06-30;73,811693;85,555002;106,470463;119,41969;100,490021;84,187883;100,905871;71,171027;162,5237;123,854547;124,163125;86,38461;102,238502;86,38461;86,38461
2020-07-31;81,405596;105,44982;116,770902;114,460635;114,195364;76,393559;106,89028;76,207037;154,000552;112,562585;113,97313;89,4501;98,017346;89,4501;89,4501
2020-08-31;84,778143;94,081353;88,785947;106,383163;59,905524;63,068947;85,723757;50,865764;96,013622;27,751364;67,842589;76,046357;75,793719;76,046357;76,046357
2020-09-30;82,819902;60,4132;107,507896;125,146049;111,322842;94,856563;119,483742;100,841175;173,663075;89,157315;139,20198;85,197492;103,868571;85,197492;85,197492
2020-10-31;85,712185;100,057085;92,415274;115,06497;105,343849;93,796504;146,496338;106,356024;195,376051;107,473624;145,764523;102,986071;118,898992;102,986071;102,986071
2020-11-30;79,902182;136,713104;105,50324;92,190971;91,49956;87,258665;140,634556;94,958443;171,720422;106,941787;130,426245;93,246737;102,841307;93,246737;93,246737
2020-12-31;81,273842;134,964109;86,188047;79,885471;76,390912;67,592547;100,044972;78,486406;149,727226;84,033359;117,446794;108,95707;93,232164;108,95707;108,95707
2021-01-31;83,177259;126,437759;79,881276;96,750041;92,781268;83,337456;122,079176;86,800539;188,63418;121,057602;125,811405;82,512459;110,650907;82,512459;82,512459
2021-02-28;74,224679;123,595642;108,391586;98,665997;98,069286;76,324979;116,733066;84,700706;160,235998;111,362192;129,33029;71,341996;96,308507;71,341996;71,341996
2021-03-31;81,225797;132,340617;134,828732;113,005813;113,405877;77,797263;130,120345;92,52587;185,143072;118,724282;149,07189;80,601988;112,350631;80,601988;80,601988
2021-04-30;79,561256;38,988012;122,918581;105,696066;107,601298;76,754093;118,759057;78,740337;195,288449;131,127552;130,216433;90,838873;120,274676;90,838873;90,838873
2021-05-31;81,848659;107,639866;93,084648;99,337181;100,310258;66,234537;99,1894;66,336707;148,996033;119,254363;100,95638;79,20618;99,073167;79,20618;79,20618
2021-06-30;78,960958;105,44982;118,967899;110,855379;115,298352;71,310533;101,736268;75,562825;166,690579;148,996389;144,319453;81,353995;109,911852;81,353995;81,353995
2021-07-31;79,118437;110,259556;110,948883;97,934056;113,937282;57,601293;92,533825;65,782251;144,426573;131,405805;113,455232;96,493018;95,645466;96,493018;96,493018
2021-08-31;80,386453;118,348657;101,695752;100,239673;56,532607;48,420662;69,776755;44,920572;91,171903;20,147307;60,666947;63,466949;78,233486;63,466949;63,466949
2021-09-30;76,981129;20,404941;104,26683;121,883032;101,384659;67,444368;93,639495;70,286539;173,86549;133,589589;137,339756;87,016146;108,751419;87,016146;87,016146
