;RF1011;RF1012;RF1013;RF1020;RF1031;RF1032
1990-01-31;111,206712;82,786439;69,622457;71,152733;87,624893;37,800339
1990-02-28;94,587681;72,501634;73,795864;73,406339;91,855044;37,537641
1990-03-31;108,334131;83,717281;77,640551;90,534375;102,950769;45,707528
1990-04-30;108,105499;78,595727;83,07261;80,560734;101,442834;40,462338
1990-05-31;110,349641;85,942817;95,190774;80,186719;100,054326;51,67188
1990-06-30;105,19145;81,978387;82,14646;94,82529;101,908141;43,278988
1990-07-31;110,516772;76,505251;85,076969;85,641098;57,56919;42,702057
1990-08-31;114,674447;78,999544;88,355519;70,401434;92,794663;44,418392
1990-09-30;105,089345;77,725098;54,790362;89,078786;96,355107;29,400812
1990-10-31;121,784953;86,145651;62,501538;83,891323;92,362221;37,947573
1990-11-30;115,295984;81,768216;56,18595;85,691809;86,016144;34,844415
1990-12-31;107,938516;83,685915;38,06397;84,631362;69,012275;33,040955
1991-01-31;120,68655;91,843441;81,872967;76,217203;93,861805;49,360705
1991-02-28;101,149124;77,036865;77,653934;76,956008;96,296827;37,481633
1991-03-31;113,284206;88,866202;76,244138;91,548421;104,10389;47,633997
1991-04-30;114,492417;90,109889;79,84576;85,804604;108,045969;62,983387
1991-05-31;113,209681;88,129518;72,263727;79,649309;99,383775;55,357334
1991-06-30;105,397101;84,615895;72,102354;97,305814;104,573947;52,850708
1991-07-31;119,962274;84,38789;95,384802;92,017891;61,855764;62,262744
1991-08-31;114,452595;77,225563;69,769644;71,515435;94,263009;48,316851
1991-09-30;115,739968;86,088295;57,476166;93,459189;101,093321;44,017634
1991-10-31;125,536592;97,452619;61,863045;85,359255;93,978377;43,699806
1991-11-30;107,45537;91,438134;53,033373;87,738937;88,071022;39,755814
1991-12-31;115,588623;96,769876;46,924194;86,044092;70,164279;44,732298
1992-01-31;121,898097;90,895944;71,67689;75,929382;93,507354;55,394681
1992-02-29;101,664459;78,87022;69,199014;77,256177;96,672447;48,868201
1992-03-31;120,037109;92,076431;68,982789;93,308302;106,105136;56,393023
1992-04-30;122,160631;94,859561;73,917364;86,25354;108,611273;62,926536
1992-05-31;105,100331;86,455345;85,5411;77,849539;97,138082;60,826865
1992-06-30;117,560923;96,60529;87,025028;103,16393;110,86962;62,753116
1992-07-31;116,320547;91,737453;81,865106;91,736612;61,666682;55,185214
1992-08-31;111,106201;83,839134;79,20778;72,281576;95,272846;47,721484
1992-09-30;119,111844;98,410958;41,898513;98,581835;106,634402;55,738032
1992-10-31;113,518817;95,669568;53,278836;83,791912;92,25278;41,330864
1992-11-30;112,37531;90,469023;56,045835;86,601147;86,928929;43,833625
1992-12-31;120,241265;96,111874;50,829687;92,343912;75,301435;50,558119
1993-01-31;106,934447;85,876072;70,763807;70,325665;86,606351;49,370401
1993-02-28;101,894002;88,7866;68,460234;74,884296;93,704451;48,764248
1993-03-31;121,31379;95,461282;63,885886;92,941364;105,68787;63,934917
1993-04-30;108,264768;95,006079;79,545587;81,974662;103,223272;64,040731
1993-05-31;102,517849;87,065683;80,462326;75,002306;93,585401;60,180351
1993-06-30;117,710349;103,364137;93,768931;100,256634;107,745167;70,130061
1993-07-31;106,850253;88,909055;89,33455;86,929533;58,435292;61,708023
1993-08-31;113,427968;86,804713;73,690098;71,558036;94,319155;52,296996
1993-09-30;114,469921;106,324244;56,804714;96,961233;104,881423;43,988708
1993-10-31;108,616043;99,040098;59,380011;81,820489;90,082287;45,078086
1993-11-30;112,55542;95,348181;59,618759;87,584424;87,915929;48,877897
1993-12-31;111,457985;102,942744;47,040771;93,198531;75,998332;49,369746
1994-01-31;107,564096;92,767127;70,8399;72,460912;89,235921;45,000688
1994-02-28;98,007142;87,463336;77,161417;75,875594;94,944882;48,42307
1994-03-31;117,724325;101,944443;70,030102;93,986163;106,87596;65,876688
1994-04-30;102,4705;95,979936;74,592748;80,01058;100,750069;53,438801
1994-05-31;107,103433;100,550824;86,194087;79,591953;99,312204;67,096402
1994-06-30;107,028229;107,660876;94,558112;100,581428;108,094214;65,615044
1994-07-31;97,947415;91,540033;116,971497;87,326366;58,702053;70,53802
1994-08-31;113,491449;94,832378;95,906031;74,809229;98,604485;62,276187
1994-09-30;109,201733;103,464882;58,751921;96,441382;104,319111;49,376053
1994-10-31;107,341366;97,830822;65,552125;83,192224;91,592532;52,91727
1994-11-30;107,451186;102,062252;75,942108;89,746611;90,086292;53,431088
1994-12-31;107,129864;106,028224;57,00852;89,271963;72,796437;57,22958
1995-01-31;108,758239;105,742275;76,954807;75,86502;93,4281;58,445588
1995-02-28;98,858382;97,861025;75,307734;77,462382;96,930468;62,83232
1995-03-31;116,013927;118,748479;78,592908;96,671338;109,929395;72,858292
1995-04-30;102,031519;102,372739;71,455426;82,15423;103,449379;73,714575
1995-05-31;115,170293;114,657443;77,291137;83,724939;104,469214;87,136403
1995-06-30;108,742751;116,071111;77,909497;102,782367;110,459554;74,928619
1995-07-31;102,627895;95,853593;73,713033;88,080611;59,209061;76,843509
1995-08-31;115,56481;102,123748;85,039751;75,73633;99,826484;65,497188
1995-09-30;108,606904;105,958695;72,994731;98,403469;106,441467;50,250436
1995-10-31;114,401585;111,366806;76,798075;87,354912;96,175549;59,855589
1995-11-30;107,585613;110,68778;79,406513;92,101736;92,450338;59,690308
1995-12-31;103,974134;107,9997;71,159398;91,326265;74,471603;62,112899
1996-01-31;118,674433;111,659655;80,740669;79,269899;97,621205;61,292082
1996-02-29;102,971947;100,89582;79,743289;82,241007;102,910068;62,162181
1996-03-31;108,398883;109,214601;74,005826;94,415064;107,363679;68,407611
1996-04-30;107,30778;117,166727;79,950745;87,102987;109,680906;88,683137
1996-05-31;114,245728;115,377131;78,781684;84,75177;105,750455;86,498734
1996-06-30;105,098146;104,982017;74,716045;100,743209;108,268087;92,211829
1996-07-31;121,116937;116,385722;75,830993;96,097946;64,598439;70,760141
1996-08-31;117,811702;107,399116;83,058834;76,989808;101,478665;55,128403
1996-09-30;113,824295;112,820906;72,987545;100,801101;109,03495;56,347838
1996-10-31;120,719758;126,008128;86,074265;91,643376;100,897035;65,220287
1996-11-30;103,848253;113,538122;73,97182;91,979332;92,327475;54,576002
1996-12-31;112,398867;123,863878;73,036774;95,730863;78,063312;64,843264
1997-01-31;115,975157;119,69753;79,210041;80,991118;99,740901;70,758327
1997-02-28;102,084783;105,691907;76,423213;81,356402;101,803147;60,728368
1997-03-31;109,186225;113,134772;71,458285;94,795476;107,796262;70,274945
1997-04-30;122,084276;125,773894;81,347899;92,52293;116,505746;81,549858
1997-05-31;109,574906;115,276469;80,26447;84,428942;105,34764;74,325337
1997-06-30;107,630169;114,169624;77,187902;103,19072;110,898411;82,939053
1997-07-31;113,472384;116,849;78,508415;95,749415;64,364152;70,221339
1997-08-31;105,008055;100,718682;80,161253;75,614707;99,666178;71,474839
1997-09-30;113,396361;119,380898;79,230891;102,103436;110,443666;72,45874
1997-10-31;115,541843;123,899224;89,482622;94,102169;103,604107;73,501581
1997-11-30;100,619971;107,45288;76,775372;92,969168;93,321051;62,068644
1997-12-31;116,948487;133,517268;80,259367;102,495484;83,579496;71,388999
1998-01-31;111,787535;114,56514;79,657828;82,098518;101,104672;69,533908
1998-02-28;98,474183;107,840839;78,662942;81,516999;102,004104;62,922349
1998-03-31;114,97439;124,32791;77,599287;101,210688;115,091296;75,902685
1998-04-30;115,227419;125,993717;82,134798;91,859122;115,669876;79,807561
1998-05-31;103,485039;114,7542;77,562851;82,595235;103,05959;88,04336
1998-06-30;109,317334;123,644847;79,559961;107,638786;115,678714;91,158831
1998-07-31;110,156256;119,432535;83,999128;98,830449;66,435262;77,871889
1998-08-31;106,497997;109,024126;82,002342;78,680508;103,707135;66,997995
1998-09-30;111,265444;123,880916;79,044096;105,369622;113,97665;59,50886
1998-10-31;106,075472;124,666184;85,315167;91,743137;101,006869;67,027155
1998-11-30;105,490802;117,145565;82,412464;93,865997;94,221279;60,255414
1998-12-31;113,576421;126,469028;87,775113;101,19746;82,521026;70,114145
1999-01-31;104,714727;110,280542;82,849353;78,458671;96,622188;60,313229
1999-02-28;98,860714;106,079996;80,103402;81,775046;102,327009;55,966658
1999-03-31;121,660768;130,048162;86,302778;103,346399;117,519913;73,304414
1999-04-30;105,728653;116,861377;83,660421;88,528834;111,476344;73,56942
1999-05-31;105,797469;113,37503;81,079613;83,697204;104,434594;71,802204
1999-06-30;108,12799;123,320456;85,524652;107,922747;115,983881;75,896778
1999-07-31;105,10547;106,599032;84,3428;95,761588;64,372333;73,999558
1999-08-31;111,178612;104,265861;87,121664;79,132713;104,303187;64,647533
1999-09-30;109,60732;113,995311;84,612103;104,798787;113,359181;71,166717
1999-10-31;106,531136;115,230781;89,361166;93,152302;102,558329;65,177188
1999-11-30;111,405464;110,919007;91,835101;97,278326;97,646524;65,079078
1999-12-31;112,693552;118,394413;82,592058;100,912646;82,288774;69,314319
2000-01-31;107,656687;108,316949;83,678174;78,738811;96,967176;60,686634
2000-02-29;103,667449;106,980071;81,245225;83,963255;105,06516;62,206632
2000-03-31;116,742342;122,270849;89,350868;103,032599;117,163081;78,650015
2000-04-30;102,071286;107,629067;81,401696;85,815289;108,059429;66,036655
2000-05-31;115,875066;125,457048;90,971575;89,514587;111,693344;87,266051
2000-06-30;102,793695;115,42812;89,458895;104,560398;112,370395;77,108082
2000-07-31;100,049454;110,268456;87,295153;93,561295;62,893261;68,296639
2000-08-31;113,130007;113,969092;96,269631;79,671417;105,013237;70,687672
2000-09-30;104,330212;117,122623;88,081505;100,687081;108,911618;66,651954
2000-10-31;104,632799;125,929169;94,887411;90,249772;99,362719;65,096198
2000-11-30;84,789358;124,248279;95,950475;94,401421;94,758726;65,780049
2000-12-31;93,844935;114,47235;86,072375;98,164809;80,04806;64,738069
2001-01-31;101,979414;121,484862;91,584395;81,433107;100,285209;61,684072
2001-02-28;92,863167;108,307351;84,342609;81,657338;102,179705;55,588966
2001-03-31;101,554053;122,347764;89,103628;100,350916;114,113608;66,1341
2001-04-30;110,308338;119,439888;85,715633;89,736544;112,997107;73,214766
2001-05-31;109,68096;126,700438;91,719088;89,228452;111,33631;79,328561
2001-06-30;99,307494;120,318058;84,55807;105,690417;113,584813;78,417612
2001-07-31;105,193564;119,548539;89,730557;96,47163;64,849631;73,228812
2001-08-31;113,73687;116,854223;93,967173;79,826599;105,217778;71,857733
2001-09-30;103,815466;113,113988;84,304707;99,532682;107,662922;62,685158
2001-10-31;123,083493;133,145577;98,896211;91,318706;100,539588;61,473567
2001-11-30;114,798906;122,855007;93,726408;95,816675;96,179339;61,46366
2001-12-31;104,887404;116,095342;85,778842;98,330647;80,18329;60,761161
2002-01-31;118,477561;121,618609;90,933258;85,03017;104,715008;71,496119
2002-02-28;102,997582;106,449961;82,577418;84,071881;105,201094;62,987265
2002-03-31;110,195113;118,786657;90,592373;102,182251;116,196105;74,379562
2002-04-30;111,907689;119,50338;91,635421;92,166801;116,057304;81,648756
2002-05-31;112,826563;117,807368;92,24151;88,103374;109,932475;77,762399
2002-06-30;98,270947;107,349543;83,846095;103,876228;111,635127;73,944064
2002-07-31;112,088259;117,56849;95,680768;98,546069;66,244097;73,250695
2002-08-31;110,055432;104,914923;94,589353;79,209427;104,404291;61,609209
2002-09-30;108,272891;110,163543;89,187806;101,125895;109,386271;61,392218
2002-10-31;118,693393;121,026944;106,818474;95,477961;105,118818;68,88667
2002-11-30;103,989179;106,597865;93,166866;95,656899;96,018957;64,450404
2002-12-31;109,52854;114,620551;92,643034;102,31514;83,432425;63,787972
2003-01-31;115,577022;112,331379;90,543587;82,228055;101,26419;69,319983
2003-02-28;102,647304;102,553486;85,592182;82,129532;102,770582;60,633259
2003-03-31;110,478914;109,176404;90,024954;98,799419;112,349334;74,801891
2003-04-30;117,561691;115,244065;96,148615;92,406031;116,358551;85,908075
2003-05-31;108,16323;108,556635;91,433046;85,345084;106,490779;84,575167
2003-06-30;106,487222;107,005239;90,155682;103,340535;111,059414;89,219782
2003-07-31;109,784798;109,421771;99,899518;96,328865;64,753661;87,537652
2003-08-31;101,341295;95,203454;93,832801;74,834659;98,638012;76,936097
2003-09-30;112,517872;111,057766;97,05443;101,346746;109,625165;70,252052
2003-10-31;116,335022;116,798757;106,396437;91,268919;100,484772;67,000526
2003-11-30;100,577511;103,48256;93,165475;91,736912;92,084139;59,869785
2003-12-31;112,177645;117,915268;98,306189;102,142521;83,291671;71,912341
2004-01-31;109,564317;107,720793;98,18865;81,319216;100,144958;63,123756
2004-02-29;98,541873;99,261559;91,773526;82,129501;102,770548;65,63915
2004-03-31;117,037493;119,708341;105,092718;104,071057;118,343952;77,264161
2004-04-30;108,138464;108,850963;97,186017;90,154737;113,523693;78,306004
2004-05-31;98,738451;100,705357;91,933204;83,489069;104,174894;73,216786
2004-06-30;109,667741;115,527533;102,675388;108,086772;116,160169;82,603996
2004-07-31;101,012077;101,272515;102,802408;94,531453;63,545413;71,607402
2004-08-31;107,552098;102,092852;101,516039;77,87207;102,641563;67,349852
2004-09-30;106,984127;106,762565;102,873125;101,704772;110,012437;69,128975
2004-10-31;105,109305;103,974811;102,924256;89,130756;98,130709;64,431159
2004-11-30;105,6518;104,894777;104,890347;95,613935;95,975841;67,035229
2004-12-31;108,892696;111,68605;104,938311;103,212994;84,164585;74,05049
2005-01-31;105,160379;102,122535;94,801175;79,869716;98,359889;67,271614
2005-02-28;95,658555;95,805622;91,14935;81,61759;102,129975;68,296485
2005-03-31;114,760288;113,134121;101,628123;103,06504;117,199965;86,104288
2005-04-30;104,312438;106,679908;92,824012;89,085861;112,177758;90,017385
2005-05-31;106,592632;110,872667;97,265074;87,802638;109,557229;92,162698
2005-06-30;104,522076;109,530885;100,70825;106,098518;114,023405;93,769434
2005-07-31;94,923116;95,618907;98,954183;90,921508;61,118754;85,164616
2005-08-31;110,344701;105,955048;107,082335;78,273766;103,171023;77,781824
2005-09-30;107,112853;104,990488;102,752229;99,977193;108,14374;80,282285
2005-10-31;104,019234;102,273835;104,353173;88,813835;97,781783;73,77523
2005-11-30;107,59914;107,450763;107,985453;95,802882;96,165494;77,322955
2005-12-31;106,799283;109,183425;101,901663;102,17339;83,31684;79,886007
2006-01-31;105,352798;100,894757;99,447424;80,582552;99,237757;80,499665
2006-02-28;96,069695;92,354856;92,905764;81,008534;101,367852;73,480874
2006-03-31;114,474143;104,092744;104,576383;104,928061;119,318488;90,127031
2006-04-30;99,377195;84,143331;93,800658;87,672947;110,398603;89,282235
2006-05-31;108,030811;93,01907;103,564479;91,342554;113,974223;95,849516
2006-06-30;102,373839;92,917114;103,206153;100,798726;108,327753;102,109169
2006-07-31;92,727137;87,56076;102,369933;98,472231;66,194467;89,501033
2006-08-31;108,794307;98,836458;109,434158;78,098578;102,94011;79,921845
2006-09-30;101,242298;99,406844;99,963347;95,56163;103,367497;77,442905
2006-10-31;106,236291;104,564794;106,519169;93,351661;102,777816;78,65722
2006-11-30;104,837858;101,833833;107,13372;98,398213;98,770653;76,211656
2006-12-31;99,973336;98,809527;101,407187;99,48067;81,121078;82,017614
2007-01-31;109,426498;102,909419;103,881012;86,804613;106,900245;82,673531
2007-02-28;96,908006;91,670291;92,398305;86,67052;108,452827;77,907868
2007-03-31;109,904723;100,217856;102,867517;106,747915;121,387927;92,521227
2007-04-30;105,300916;98,39232;99,698649;94,239266;118,666975;98,953984
2007-05-31;108,482875;101,181494;103,499641;92,488961;115,404667;96,776089
2007-06-30;101,279161;100,878957;99,979308;102,380202;110,027351;100,292169
2007-07-31;103,07619;101,436726;102,465385;90,823712;61,053017;98,391893
2007-08-31;109,807692;100,115919;109,64098;77,59886;102,281441;83,337802
2007-09-30;98,652623;93,509469;97,760539;92,257219;99,793172;84,987312
2007-10-31;113,526789;109,97337;112,748956;104,782385;115,362755;96,618397
2007-11-30;102,892875;102,743396;106,241925;101,042158;101,424598;90,235009
2007-12-31;97,912653;100,111664;100,937046;104,62662;85,317319;84,328569
2008-01-31;106,190795;103,885544;100,912495;105,429146;108,564532;89,557628
2008-02-29;98,315664;95,449014;95,780493;101,582119;112,024797;82,092933
2008-03-31;99,758152;96,157819;97,014361;112,930647;115,622353;83,69511
2008-04-30;106,571008;104,73311;102,874404;110,217818;122,894419;95,343962
2008-05-31;100,594677;98,273286;100,051015;104,274495;111,440715;92,147194
2008-06-30;97,882466;98,758365;98,180289;114,032018;104,834965;84,502845
2008-07-31;104,449582;102,273342;107,339287;111,777907;66,557217;98,727868
2008-08-31;98,194267;89,143187;99,508887;86,244564;98,428971;78,180438
2008-09-30;107,28406;98,927169;103,85357;110,8984;109,155929;82,554779
2008-10-31;109,871854;103,421319;111,114169;116,501511;111,821277;87,62072
2008-11-30;94,466374;89,460487;99,154975;100,652501;93,074089;72,627169
2008-12-31;109,493827;106,545275;109,867585;116,383903;86,587613;94,441677
2009-01-31;101,99123;93,740918;103,546497;95,099588;88,428466;81,330516
2009-02-28;92,156994;85,904406;96,946213;97,990778;96,951322;80,88982
2009-03-31;106,046277;96,350919;103,128024;111,273856;103,303932;90,450771
2009-04-30;103,402562;99,384399;103,373324;114,016286;100,742128;98,626608
2009-05-31;95,716312;93,476066;97,915496;97,677861;108,108467;88,199314
2009-06-30;102,678673;99,0134;100,328918;117,722669;112,987743;95,932508
2009-07-31;99,635539;97,484016;113,493397;108,721388;64,822766;98,816154
2009-08-31;99,544782;90,40403;105,182712;84,764777;80,550587;83,526085
2009-09-30;106,335843;98,212052;104,204638;118,787914;88,648578;91,633543
2009-10-31;103,122861;100,112586;109,50004;114,430563;97,779279;86,263194
2009-11-30;99,732474;96,980064;104,596134;114,162447;93,954284;80,937873
2009-12-31;107,116269;108,296293;110,006819;119,067842;74,881014;92,735472
2010-01-31;98,128497;90,272553;102,606839;97,116436;85,581516;81,000366
2010-02-28;92,633889;88,894261;95,318476;101,979372;86,252532;80,033227
2010-03-31;115,343368;104,506508;108,256771;124,680372;106,937577;93,961868
2010-04-30;101,813485;97,931428;100,814494;109,254395;102,495259;103,477498
2010-05-31;99,462387;96,255671;100,931169;104,905476;108,622391;90,104749
2010-06-30;107,172295;104,17407;103,51979;122,68232;110,910971;101,130355
2010-07-31;98,015722;94,669879;107,06675;109,203518;61,714227;103,421065
2010-08-31;106,19491;97,702275;104,945222;94,05694;88,623173;83,962219
2010-09-30;108,549916;100,288085;105,078044;118,509128;102,288444;87,179861
2010-10-31;101,493521;99,397352;109,035607;115,273626;97,578582;86,471481
2010-11-30;104,662165;100,802436;106,662799;117,199937;106,551217;85,933094
2010-12-31;111,205906;112,449015;106,037116;128,35601;91,783912;102,495638
2011-01-31;103,061978;97,185079;107,328513;104,615595;99,609705;86,715972
2011-02-28;98,050525;92,182468;96,903302;106,608888;96,30099;83,28999
2011-03-31;115,810561;106,625119;112,819728;123,449142;111,557442;99,545631
2011-04-30;103,318212;97,064227;105,355265;108,565303;93,926317;96,263448
2011-05-31;112,69658;104,671186;112,33792;126,087718;108,320205;101,988207
2011-06-30;103,19536;99,081312;106,766235;127,625304;107,730728;94,70514
2011-07-31;98,730221;93,138933;109,440625;110,098288;54,864281;99,155488
2011-08-31;113,303251;100,808525;117,041753;98,200914;102,922747;94,38015
2011-09-30;104,222497;101,815025;111,502989;127,183545;102,220271;91,775298
2011-10-31;101,749007;100,106486;113,950389;120,526146;102,891739;89,784898
2011-11-30;106,31311;100,926278;113,253203;119,302601;105,327548;88,027649
2011-12-31;102,406103;110,298367;106,373554;120,100059;89,210716;98,381877
2012-01-31;103,046118;100,5361;107,844684;108,381732;95,781295;88,780443
2012-02-29;98,910313;93,965408;104,885054;113,093746;98,105995;86,881585
2012-03-31;106,405277;101,39965;108,473993;120,706384;112,045436;106,301541
2012-04-30;101,017231;96,319033;101,02856;108,382135;107,088539;96,604072
2012-05-31;104,659505;100,192265;107,689433;103,149594;110,31147;98,57693
2012-06-30;99,437937;97,67857;104,83478;118,479888;107,41502;99,692231
2012-07-31;96,845728;98,611822;108,14132;114,926272;82,257963;102,154711
2012-08-31;103,486989;97,264356;111,367587;91,382083;100,543269;91,503744
2012-09-30;94,217472;91,84351;101,248777;111,616341;90,021118;88,26508
2012-10-31;109,994892;109,186774;118,271903;124,030215;111,189939;99,494946
2012-11-30;98,393797;101,247784;109,311236;111,30974;103,320167;92,189795
2012-12-31;95,002799;101,920178;101,139265;115,067471;87,319965;81,449248
2013-01-31;103,507854;103,833173;109,252774;99,432546;107,507708;97,876733
2013-02-28;91,036688;91,712952;95,047564;98,648894;94,547438;88,369309
2013-03-31;98,72247;98,290323;103,374574;110,696661;106,44993;100,249436
2013-04-30;99,603258;100,271461;103,912374;105,994634;111,167571;111,920648
2013-05-31;101,291922;99,06203;104,146796;99,08868;95,175558;104,588323
2013-06-30;89,875863;92,793096;96,506458;108,088763;103,423814;100,293288
2013-07-31;102,563386;101,40956;109,10901;114,586529;50,493949;112,500486
2013-08-31;93,457396;95,920982;105,94491;81,626802;101,272468;90,066879
2013-09-30;95,358356;94,99751;102,017219;106,756402;96,66937;86,505533
2013-10-31;105,947935;106,339909;114,961662;116,67025;105,210044;100,498583
2013-11-30;91,954003;93,387782;104,796077;102,918115;88,403001;90,490728
2013-12-31;97,79644;99,722194;103,929946;117,315171;79,288071;90,480756
2014-01-31;102,708651;97,23022;104,469904;90,740583;93,590812;100,902021
2014-02-28;90,096968;86,83056;96,128639;90,167533;94,206386;92,994872
2014-03-31;95,938259;89,876431;99,17382;100,875409;102,604019;98,828267
2014-04-30;104,264107;102,084055;103,025551;104,367073;114,342328;109,712781
2014-05-31;94,707523;96,825517;100,981201;90,397832;100,04317;100,326253
2014-06-30;94,740626;97,742747;100,246415;107,672344;106,234164;110,408487
2014-07-31;99,78169;100,672935;105,412333;104,05732;72,984642;116,650699
2014-08-31;92,353065;90,984494;100,13667;76,237469;85,901565;88,616242
2014-09-30;100,846867;101,026923;103,379403;106,777718;95,988191;99,485792
2014-10-31;107,141213;105,238515;111,528318;111,642953;106,427321;106,770189
2014-11-30;91,683813;91,704372;100,198731;97,040741;104,272325;100,661571
2014-12-31;104,155071;109,588152;105,947862;113,463093;89,552232;100,187003
2015-01-31;99,535453;96,847885;97,595793;89,207383;96,23519;102,411859
2015-02-28;90,195572;87,855487;88,735584;88,542372;96,407556;93,950024
2015-03-31;109,734115;101,900946;96,540534;103,4;106,842743;109,76458
2015-04-30;99,613871;101,717511;101,899663;104,588491;115,772834;114,244791
2015-05-31;90,673679;91,952948;94,06748;90,017857;109,771197;97,601426
2015-06-30;105,559681;104,478337;101,407202;107,949732;115,800058;120,481627
2015-07-31;97,285147;100,690271;105,516135;109,097101;87,5881;103,901146
2015-08-31;96,744942;96,788274;99,360527;85,526123;95,23861;91,723886
2015-09-30;107,31223;102,582121;100,962306;106,854745;93,323935;94,034894
2015-10-31;101,051114;104,29986;107,719477;101,324744;96,960467;86,96682
2015-11-30;96,242785;98,645409;101,846304;96,656509;97,251274;85,301665
2015-12-31;106,05141;112,240952;104,348995;116,834942;88,808036;99,617281
2016-01-31;97,686572;94,433188;95,103046;89,98989;96,949186;90,769854
2016-02-29;98,131317;90,30176;95,286696;95,319246;96,051048;89,043225
2016-03-31;109,65707;102,358308;100,518462;108,905122;105,213987;99,170156
2016-04-30;99,669511;94,504525;93,202169;98,724466;106,873625;108,686954
2016-05-31;103,559291;94,696193;97,335392;97,269699;109,337044;106,421005
2016-06-30;102,322991;93,482379;100,471746;111,619431;116,732376;108,276197
2016-07-31;92,261249;86,297376;96,405368;97,817071;73,236392;99,376546
2016-08-31;104,819231;99,447963;102,899219;88,917651;103,942372;104,34583
2016-09-30;102,951555;101,183033;98,99784;105,559407;99,759363;104,619589
2016-10-31;98,146326;97,786473;103,91513;97,778683;103,233882;97,218648
2016-11-30;100,590811;98,676331;101,951371;98,193393;96,608633;98,676172
2016-12-31;102,131246;105,532901;99,243195;114,511927;87,688896;98,209698
2017-01-31;100,4293;97,311414;95,322891;91,494166;98,757125;103,720531
2017-02-28;91,032865;87,655114;88,691668;85,626041;95,518261;94,960994
2017-03-31;107,268267;100,732331;95,345372;103,781046;110,729235;110,997146
2017-04-30;94,2304;85,951585;90,455741;94,983558;111,426167;97,67965
2017-05-31;104,344028;95,621693;99,369214;97,541939;113,718589;102,881497
2017-06-30;100,034597;92,109972;98,067142;111,613768;115,897421;112,813092
2017-07-31;90,645159;88,916282;93,332227;95,233569;82,116505;100,168632
2017-08-31;103,169231;98,297252;99,754434;85,349113;108,255235;102,781279
2017-09-30;100,151265;96,758157;96,974996;104,653711;97,522043;93,509713
2017-10-31;104,047253;100,960109;101,536971;99,759014;102,793252;95,746606
2017-11-30;103,257214;99,179413;102,01609;97,054777;97,631182;97,022094
2017-12-31;97,542151;101,620901;96,672181;101,481619;87,332589;82,375985
2018-01-31;115,963146;102,325257;96,91047;95,724863;100,054298;103,496559
2018-02-28;102,14422;91,243171;88,134857;94,030606;92,539432;85,380816
2018-03-31;117,805119;105,799061;98,539994;110,08676;116,852254;98,940449
2018-04-30;108,870976;99,524019;90,723351;100,635149;115,388074;100,381292
2018-05-31;113,396789;103,51509;97,783225;102,96214;122,017345;99,703416
2018-06-30;108,131293;97,746341;96,421521;108,079567;120,349224;92,230143
2018-07-31;107,607388;98,825615;98,711495;100,888095;98,570115;98,987602
2018-08-31;112,530302;97,081865;98,796812;87,601139;117,252562;92,212068
2018-09-30;102,511569;91,846911;91,524597;97,867463;106,550042;86,836774
2018-10-31;119,907095;107,19894;106,542327;108,201457;109,65264;101,996526
2018-11-30;111,746814;99,486794;100,658957;92,033122;107,611735;89,376166
2018-12-31;105,98085;101,519967;95,550049;100,303887;83,386497;81,301013
2019-01-31;115,476461;100,866707;96,84173;98,858277;104,842413;103,156633
2019-02-28;100,690563;89,663607;87,271727;89,197965;98,01458;88,753927
2019-03-31;108,518262;95,002793;92,034585;98,59562;112,630811;87,547956
2019-04-30;116,404016;100,300507;96,626472;102,557083;106,538115;100,090578
2019-05-31;111,263389;100,631348;95,078228;93,417392;117,908685;100,081372
2019-06-30;100,988756;92,546294;92,283447;95,298462;120,694042;93,181806
2019-07-31;110,268837;99,637178;100,456342;113,72386;98,924243;102,075574
2019-08-31;107,178643;94,757599;95,170563;84,569838;115,843519;83,697067
2019-09-30;107,56269;96,573513;90,691586;100,41508;108,220006;82,756195
2019-10-31;118,168982;107,512163;104,959398;102,687259;110,385866;94,922784
2019-11-30;104,345482;94,123274;94,888;92,795443;105,697564;78,512294
2019-12-31;109,679191;104,654509;96,756506;100,776788;88,176401;80,540807
2020-01-31;112,986589;96,967387;93,757931;101,097549;109,705432;94,753773
2020-02-29;100,396624;87,27237;85,234448;99,905477;106,96313;84,275868
2020-03-31;109,544532;99,05282;92,915576;107,370804;96,309681;88,472377
2020-04-30;111,481657;96,336998;91,17704;100,588902;76,6873;94,64235
2020-05-31;99,718908;91,032163;89,324022;99,350541;75,730661;84,287522
2020-06-30;114,494297;97,477217;94,236732;124,810627;108,167801;95,105857
2020-07-31;112,897759;97,556907;94,854211;126,412684;115,107668;96,455063
2020-08-31;105,284927;90,561336;90,359516;105,82393;89,233069;84,272206
2020-09-30;110,838486;97,686478;92,776949;128,954728;104,456648;102,990019
2020-10-31;111,089157;98,914456;97,961137;118,931854;99,964139;96,561796
2020-11-30;105,576161;94,628443;91,502808;116,955071;100,290964;90,410703
2020-12-31;114,779276;108,711637;97,229536;136,327755;71,742206;79,706839
2021-01-31;106,157668;88,498478;89,26112;121,133984;100,345156;77,97394
2021-02-28;101,980992;83,993022;82,363781;121,903928;87,396489;72,973132
2021-03-31;123,748298;97,427364;93,8491;133,920717;108,098978;95,833166
2021-04-30;110,169477;89,124714;90,454531;131,183874;117,873221;87,171105
2021-05-31;105,120572;87,781658;88,321894;113,095966;106,472046;78,603067
2021-06-30;112,7555;95,678563;91,765849;139,079225;121,035881;87,243887
2021-07-31;106,88466;93,814833;90,286713;125,890823;88,575316;85,961545
2021-08-31;108,69951;97,836489;92,059358;107,223092;118,949269;88,816439
2021-09-30;109,749265;101,233906;90,972915;124,276257;121,048978;90,155152
