;Europe * France;Europe * Spain;Europe * Greece;Asia * China;Asia * Japon;Asia * India;Africa * Gabon;Africa * Cameroun;Africa * Guinée equatoriale;Africa * Namibie;Africa * Ethiopie;North America * USA;North America * Canada
1990-01-01;1,017042;0,990021;3,33464;2,455203;-4,016826;0,492559;0,996556;-0,104922;1;0,994482;-4,762593;0,94095;1,01449
1990-02-01;0,999503;1,010649;1,902423;-3,039538;1,236422;-0,101079;0,996153;0,350866;1;0,987511;0,402435;0,955429;1,007962
1990-03-01;1,035474;1,01023;9,639814;0,760807;2,997557;2,064166;0,998282;-0,045644;1;0,975944;5,391806;0,944879;1,001955
1990-04-01;1,000002;1,020756;-12,341521;-3,312271;1,926879;-1,873874;1,000981;-0,352075;1;1,152603;-4,089884;1,028248;0,994567
1990-05-01;0,990003;0,985777;-5,127729;6,228347;1,30034;0,9268;1,009269;0,381103;1;1,138919;4,00136;1,244471;0,986432
1990-06-01;0,991241;0,881715;-1,886324;-0,327107;14,086548;-2,641273;1,019845;1,078248;1;1,128727;-3,239149;0,991055;0,977204
1990-07-01;0,845266;0,112452;-6,633598;1,389752;0,701917;4,681034;0,980185;-1,475179;1;0,846635;-7,970479;1,025923;1,012543
1990-08-01;1,001116;0,601724;33,027242;-2,171775;-2,565152;-1,337471;0,986556;0,372629;1;0,833762;5,099354;1,012136;1,03176
1990-09-01;1,003593;1,081741;-23,440108;-1,416685;-27,860213;-3,228759;0,989027;-0,420484;1;0,810913;5,774636;0,955153;1,006525
1990-10-01;1,005548;1,021917;12,585432;3,717142;-6,151929;4,322944;1,012011;0,051471;1;1,056533;2,980106;0,928553;0,991348
1990-11-01;1,003812;0,994316;11,529714;5,191568;5,048346;3,654363;1,016576;0,806984;1;1,007174;2,814963;1,109422;0,990925
1990-12-01;1,004254;0,953726;-0,578713;-3,556556;0,554001;-3,399936;1,023445;2,181049;1;0,979002;-5,481802;0,843073;0,976956
1991-01-01;0,996567;0,9919;-0,289284;0,480244;0,535798;1,706698;0,978749;-0,499312;1;1,017144;-2,017964;1,038145;1,008894
1991-02-01;0,987576;0,991517;-2,581148;-0,566545;-0,081094;-2,710264;0,982851;-0,865959;1;1,011339;-5,899128;0,993778;0,999061
1991-03-01;0,995465;1,002987;-13,291591;-6,915118;-9,742121;-8,168289;0,981414;-2,930134;1;1,016385;2,9333;1,141283;1,001195
1991-04-01;1,001555;0,986093;0,202353;9,518914;18,405881;-0,026625;1,019442;0,681118;1;0,978767;-0,379462;0,959549;1,012478
1991-05-01;1,007519;1,014237;4,987165;-0,530901;-1,22236;-1,263165;1,006116;-0,133239;1;1,00022;32,224658;0,978052;1,005882
1991-06-01;1,007275;1,438586;-3,710447;-3,438995;4,244204;1,741947;0,992748;-1,648567;1;1,025631;-1,046244;1,100429;1,005448
1991-07-01;0,98827;1,043419;4,776585;-1,523799;4,989817;3,199463;1,008086;0,780283;1;0,975419;4,523164;0,925056;0,994029
1991-08-01;0,999961;0,950274;-3,862816;4,209092;-1,234376;1,820102;1,004895;0,324343;1;0,989959;-0,990422;0,916347;0,984553
1991-09-01;1,001798;0,763755;0,347609;12,516811;-20,818541;-1,454069;1,002522;-0,317929;1;0,996979;1,76189;1,060964;0,989163
1991-10-01;1,009072;0,949242;10,433116;4,822761;1,671521;-0,872277;0,997528;0,069657;1;1,007167;-5,758539;0,928814;1,006726
1991-11-01;0,997436;1,014897;-9,958578;-2,280154;-3,940222;-3,013411;0,988647;-0,181955;1;1,004535;-4,314067;0,895439;1,007855
1991-12-01;0,998293;1,03277;-10,467733;-5,565709;-11,824083;-0,655591;0,97772;-0,382212;1;1,010999;1,618835;1,155691;1,017385
1992-01-01;0,989809;0,997565;6,175432;1,674622;0,874157;-0,197502;1,021938;0,473268;1;0,985183;6,044689;1,029173;0,996658
1992-02-01;1,039261;1,008216;0,432557;0,744955;-1,235981;2,141414;1,014579;0,587741;1;1,000026;5,488396;1,260897;1,017878
1992-03-01;1,00564;0,980832;2,846296;-1,203071;4,090092;-0,165031;1,016716;0,339824;1;1,013728;-3,763799;0,853044;1,011323
1992-04-01;1,003664;0,991715;14,233811;-0,230655;2,914321;0,182599;0,982385;-0,681344;1;0,985438;-1,894535;1,267598;0,972521
1992-05-01;0,996715;1,035759;-4,325002;-0,849062;1,977504;-9,043398;0,982086;-0,542131;1;0,990243;-8,288213;0,910554;0,988666
1992-06-01;0,990351;1,005584;2,175569;0,801847;-4,777388;-0,793535;0,979108;-0,850039;1;0,990114;4,229334;0,895016;1,002588
1992-07-01;1,014193;0,999059;2,33799;2,039387;2,536071;1,314162;1,017254;0,706383;1;1,007862;5,158254;1,010393;0,991291
1992-08-01;1,00594;0,978612;-5,639869;-0,001443;-1,634104;-0,825412;1,013927;1,411261;1;1,023779;1,718975;1,015463;0,987992
1992-09-01;0,996583;0,948324;-8,338773;0,313621;0,111875;0,838487;1,016608;0,721169;1;1,046205;-4,013931;1,115428;1,005949
1992-10-01;0,977977;1,077728;-10,914723;-6,030161;2,196746;2,031512;0,983497;-1,598801;1;0,954795;-1,28239;1,078836;1,015256
1992-11-01;0,989095;0,962409;3,86242;-2,575313;-1,528566;-0,091215;1,001194;-0,113927;1;0,987341;28,529633;1,022056;1,018535
1992-12-01;0,998622;0,981192;3,338875;2,331521;-7,322306;1,521131;1,015119;0,712489;1;1,016779;-3,488962;0,926574;1,007563
1993-01-01;1,001054;1,026156;-29,631346;-4,769967;11,264246;-6,651189;0,977698;-0,287092;1;0,984601;3,198898;0,813981;0,969973
1993-02-01;1,017906;0,992892;8,946934;4,756896;2,374055;-0,057622;0,993306;-0,155576;1;0,984426;-9,827228;1,000087;0,975691
1993-03-01;0,992185;1,017923;2,075983;3,924036;-1,862496;-2,538328;1,014111;-0,342914;1;0,971882;-5,039318;1,084922;0,974312
1993-04-01;1,026979;1,00092;1,959499;2,290543;3,303027;4,178761;0,986825;-0,102929;1;1,031718;10,104078;1,373244;1,032887
1993-05-01;1,007311;0,990445;-20,14271;-3,102967;-1,374511;-8,169174;1,00628;0,639891;1;1,018929;6,985649;0,951334;0,988914
1993-06-01;0,994217;0,972472;-3,042463;2,075712;1,221025;-0,959068;1,019265;-0,004024;1;0,997622;-0,399472;1,002939;1,003042
1993-07-01;0,999522;1,013499;6,667763;0,787655;-4,624118;-1,531816;0,979838;-0,131632;1;0,995238;-20,490097;1,07017;1,026765
1993-08-01;0,977605;1,046194;1,199781;-2,98276;2,394201;9,943618;0,998;4,858584;1;1,003635;0,447092;1,067547;1,004763
1993-09-01;0,97525;0,695659;12,101352;-1,304899;1,999173;3,372759;1,015091;-0,41356;1;0,977717;-3,041746;0,924178;1,002159
1993-10-01;0,996997;0,941445;-10,171523;-0,150659;0,416728;-5,462284;0,996788;-2,999958;1;1,017562;-26,107969;0,909473;0,993809
1993-11-01;1,011898;1,067351;-6,994638;-0,594754;-1,410841;-1,865744;1,007638;-0,769986;1;0,999774;3,74056;0,899918;1,003122
1993-12-01;1,032957;1,042731;7,598937;1,645249;4,771562;-0,317398;0,990119;0,497804;1;0,995776;0,907832;1,121271;1,009344
1994-01-01;1,011275;0,800737;-4,039408;-0,746752;-4,058874;0,47939;1,006881;0,447278;1;1,012509;-0,714747;1,094369;0,977627
1994-02-01;0,994886;1,002544;-21,358063;2,073832;0,158126;-0,404122;0,97442;0,07425;1;0,999266;4,215039;0,745628;0,990305
1994-03-01;1,001424;0,990943;16,353503;-3,609886;1,543536;3,697604;0,96896;-0,257984;1;0,990397;-21,013988;1,083023;1,008805
1994-04-01;0,990921;0,999371;-16,991861;2,213159;-8,502725;-1,168849;1,029631;-0,080073;1;1,009801;19,345938;0,750822;1,018597
1994-05-01;0,994447;0,922573;14,437994;-1,231499;-0,767131;3,023317;1,036445;0,091642;1;0,989355;2,891859;1,020915;0,984154
1994-06-01;1,020413;1,067391;9,495299;-0,281012;4,9874;0,855199;1,015433;0,38305;1;0,950014;-5,604544;1,115501;1,022502
1994-07-01;0,991426;1,007564;-9,855713;-1,383101;-3,412185;-4,325563;0,972125;-0,756425;1;0,997866;-3,059074;0,892397;0,998262
1994-08-01;1,000439;1,044821;6,761613;15,312856;1,835786;-0,555456;0,974026;0,662088;1;1,029528;-7,905256;0,897113;0,973499
1994-09-01;1,013766;0,798418;-6,612911;4,0452;-2,896372;-1,144482;0,959026;-0,265513;1;0,951159;5,728349;0,984273;1,006818
1994-10-01;0,992622;0,958241;0,721883;-3,256387;-15,813353;-5,158397;1,040001;-0,869941;1;1,011606;4,213342;1,128329;0,975721
1994-11-01;1,005346;0,995611;-0,103597;0,406159;1,760984;2,187977;1,038496;-0,066413;1;1,002051;-8,14842;1,002345;0,995764
1994-12-01;0,998713;0,9883;-4,20375;0,009268;4,417708;3,054019;1,008809;-0,075918;1;1,031659;9,037399;1,404947;1,010499
1995-01-01;0,989008;1,03413;1,662902;5,011143;2,507765;4,28115;0,979945;0,795419;1;0,993309;-0,736224;1,027392;1,03171
1995-02-01;0,990971;0,997759;-3,679631;-4,632314;0,085676;-1,084597;0,9895;1,412645;1;0,992689;1,963022;0,947553;0,972549
1995-03-01;1,016562;0,9796;0,039705;2,742869;-1,658872;1,035785;1,074893;3,219056;1;1,022908;-2,394315;0,927856;1,036131
1995-04-01;0,991599;0,979337;-1,076914;-7,660641;-15,9896;-4,37068;0,939858;-1,245078;1;0,983156;-7,946683;0,951391;0,889129
1995-05-01;1,001858;1,086536;8,363745;1,037772;1,304043;1,37068;1,01318;-0,348473;1;0,999464;1,50605;1,060714;1,044986
1995-06-01;1,012854;0,641133;5,779519;1,713683;-1,570757;0,719195;1,011165;0,333469;1;0,980548;0,813219;0,982294;0,980649
1995-07-01;0,984758;0,674071;-10,684166;1,358843;-3,705138;0,090643;0,98284;-0,164958;1;0,986824;1,921918;1,039962;0,925932
1995-08-01;1,005245;0,959593;4,234143;13,828797;4,701484;-2,999785;1,018176;-0,367066;1;1,144173;2,511932;1,043868;1,209007
1995-09-01;0,993205;1,103374;4,306333;-2,743723;-0,829171;0,883564;1,016348;-0,744179;1;1,018732;-1,434861;0,990054;0,880291
1995-10-01;1,014147;1,021481;-6,964452;-0,689187;-4,711603;1,443923;0,980484;0,855798;1;0,980658;1,468132;0,966013;1,029357
1995-11-01;1,100782;0,994583;8,405648;3,668966;4,902331;2,471645;0,972012;0,450694;1;1,024938;5,316654;1,092895;1,136466
1995-12-01;0,990285;0,967214;-18,595826;0,534047;1,1334;-6,796078;0,897215;-0,386488;1;1,132419;2,222299;0,883839;0,794471
1996-01-01;1,012068;0,994066;7,163207;0,481878;2,308482;-0,388226;1,042577;0,197469;1;1,019383;-7,014667;1,011951;1,011423
1996-02-01;0,995743;1,006636;4,311854;-2,786495;-5,8934;2,80187;1,109352;0,049155;1;0,987907;-3,537773;0,999069;1,01297
1996-03-01;0,986238;1,039301;-23,210637;-1,989459;-3,853146;-3,766736;0,978812;-0,408607;1;0,934872;2,665474;0,975208;0,941638
1996-04-01;1,008943;1,019488;0,459306;-2,825094;3,014284;0,644186;1,056705;-0,026185;1;1,00259;0,134913;0,977363;0,966694
1996-05-01;1,001296;1,158041;0,309374;4,59425;2,709263;-0,180955;1,000701;0,315806;1;1,036184;-0,112494;1,05389;1,053085
1996-06-01;0,997594;0,946338;-12,970502;-1,160549;-2,216398;-6,353168;0,940009;0,419081;1;0,994525;-3,491426;0,98246;0,9661
1996-07-01;1,005092;0,614046;11,710242;13,711304;15,99146;0,179454;1,018635;-0,699596;1;1,002056;-4,123408;1,013499;1,010875
1996-08-01;1,015826;0,96847;0,148425;2,141247;-2,156729;5,598846;1,296307;0,876109;1;0,986925;3,859716;1,022511;1,084238
1996-09-01;0,99658;1,162929;-6,704545;-3,02602;0,256514;-1,765366;0,99586;-0,033585;1;0,970756;2,628668;0,947629;0,986107
1996-10-01;0,984741;1,049239;17,408848;8,037129;5,598735;1,857683;1,004516;-0,781914;1;1,07228;9,226212;1,024271;1,012809
1996-11-01;1,004268;1,013987;-6,1143;1,044607;-1,707868;-1,796137;0,983127;0,028428;1;0,992178;2,39171;1,050706;1,003596
1996-12-01;1,000797;1,002807;5,076784;-17,473366;-0,739773;1,679928;0,884585;0,883522;1;1,019392;-10,809287;0,847524;0,997339
1997-01-01;0,99299;0,992585;-0,770067;-3,788736;-11,607668;-2,413075;1,036746;-0,536369;1;0,998662;-20,548372;1,004815;0,971817
1997-02-01;1,024912;0,975501;7,576643;-0,304707;0,811398;0,367559;1,041342;-0,945166;1;0,982266;33,273192;1,045979;0,977934
1997-03-01;0,997752;0,982542;-8,675397;0,950683;-14,935655;-1,739136;0,933876;-3,149222;1;0,824205;2,616528;0,927022;0,936731
1997-04-01;1,006472;1,001916;48,093789;10,630445;6,074767;2,006974;1,165132;0,749068;1;1,024616;4,646759;1,058564;1,112611
1997-05-01;0,994133;0,998432;-5,465945;2,027084;-1,184139;-0,908893;0,930602;0,025477;1;1,023404;-7,201592;0,987311;0,971534
1997-06-01;0,97195;1,051242;0,452818;-0,355619;-2,974735;2,269577;0,986729;-0,992698;1;0,988996;2,820254;0,970323;1,037147
1997-07-01;1,009267;1,01581;-0,153639;-8,459869;4,921444;0,366979;1,030968;1,288358;1;0,994339;11,373864;1,029542;1,063174
1997-08-01;0,984134;0,981896;-10,134642;-8,408168;-2,810546;-2,927717;0,998749;0,079195;1;0,984549;1,443146;1,002638;0,966034
1997-09-01;1,002378;0,991878;4,890723;12,635712;5,527008;-0,195542;0,9948;0,382723;1;1,014851;3,383999;1,00107;1,016119
1997-10-01;1,008893;0,973252;9,109273;5,692094;5,729437;2,202114;1,011714;-0,152332;1;1,006466;-7,535449;1,016096;1,010338
1997-11-01;0,991096;0,97709;3,300369;-6,524792;-4,106877;-1,883415;0,840037;0,005727;1;0,961467;-8,897003;0,897942;0,937156
1997-12-01;1,015374;1,030838;5,985632;4,544033;-2,257438;0,560503;1,143751;0,470099;1;0,999154;-18,162832;1,025803;0,981174
1998-01-01;0,999441;1,017074;-8,819821;3,49764;0,461743;0,985502;0,972959;-0,429039;1;1,015869;5,591545;0,97911;1,033542
1998-02-01;0,998901;1,011906;-4,6396;1,63122;1,063589;-1,855884;1,012496;-0,888418;1;1,032234;8,859278;1,016536;1,051556
1998-03-01;1,003448;0,916324;9,073572;-2,427362;-1,307351;2,973048;1,004983;-2,821049;1;1,022679;-0,442815;1,015145;1,032042
1998-04-01;1,001895;1,068823;-1,087003;-0,43961;-4,999297;0,214993;1,018226;1,279395;1;0,949382;-3,887588;0,973224;0,981649
1998-05-01;0,995132;0,914929;-27,858808;-4,175142;-4,962491;-2,845033;0,949492;0,219886;1;0,958257;2,92052;0,961978;0,93679
1998-06-01;0,990094;0,969412;-1,350904;0,887724;2,582081;-0,520685;1,041918;0,177955;1;1,023072;3,242949;1,005727;1,022546
1998-07-01;1,012116;1,040259;3,443194;1,519198;6,033903;2,881044;0,983911;0,442933;1;1,066367;-4,429228;1,033532;0,988615
1998-08-01;0,99401;1,010756;-3,779062;0,521719;0,644198;-8,978071;1,00692;-1,044568;1;0,904722;-3,802981;1,014997;1,042373
1998-09-01;1,001399;0,98167;22,77919;3,736898;1,780908;1,962492;1,009224;0,506904;1;1,04278;-4,950819;1,087614;0,999146
1998-10-01;0,997565;1,006262;-32,795804;-3,33482;-1,833747;-1,416142;0,9776;0,100771;1;1,006573;-3,324653;0,975758;0,907202
1998-11-01;1,048135;1,030775;1,690368;-1,109088;1,385991;1,693186;1,01411;-0,138819;1;0,974612;4,873414;0,939233;0,983769
1998-12-01;1,005382;0,999633;5,465825;0,671435;1,59061;0,27806;1,020311;0,173704;1;1,012064;5,358696;1,018917;1,022171
1999-01-01;1,001749;0,963071;-7,511702;-3,005791;-5,783737;-1,358563;0,962203;0,121897;1;0,885026;0,527436;0,969718;0,987752
1999-02-01;1,002222;0,984972;-7,231361;-2,370021;-6,222388;-5,075179;0,993055;-0,028561;1;1,028211;3,89563;0,973875;0,964301
1999-03-01;1,003224;1,112946;-0,604585;2,761567;3,290767;-2,361802;1,036042;-0,697461;1;1,043638;-2,347624;1,037551;1,011998
1999-04-01;0,99012;0,961613;5,141212;9,158288;2,282763;3,359775;0,980518;13,237698;1;1,022396;25,61136;1,092518;1,038605
1999-05-01;0,886616;0,414889;-3,034669;-1,563;2,804075;1,165575;0,989629;11,047069;1;0,927035;-4,018185;0,977212;1,034665
1999-06-01;0,994484;0,999136;10,086322;-0,511456;12,839894;1,240081;1,02801;12,170287;1;1,015761;20,969639;1,011865;0,964305
1999-07-01;1,006165;1,116513;-0,64059;-2,910753;-3,562099;0,116036;0,996992;2,722274;1;0,909141;-1,7323;0,958953;0,954296
1999-08-01;1,006168;0,999137;5,49148;2,106334;1,579206;-11,489624;1,01061;-1,389102;1;1,079366;-3,318351;1,013669;1,054361
1999-09-01;0,99368;1,023911;26,928665;4,023031;-0,496861;0,000563;0,971353;1,143081;1;1,035326;-5,176989;0,990082;0,979678
1999-10-01;1,006726;1,00971;-7,440705;-4,343191;-6,022354;-2,084736;0,995044;4,499494;1;0,947982;7,693536;0,963859;0,971089
1999-11-01;1,002113;1,00513;-5,077507;3,836088;-1,66556;0,409824;1,004132;2,277584;1;1,045916;-9,34811;1,035334;1,033077
1999-12-01;0,897027;0,958369;6,731962;-8,683668;4,507737;8,684346;1,00923;0,545304;1;0,896753;7,435386;0,962071;1,120653
2000-01-01;0,926164;0,994403;0,857083;-1,41881;-1,230435;-2,40687;0,988155;-0,07036;1;1,035248;-21,811694;1,004566;0,988054
2000-02-01;0,96583;1,046608;-0,783328;4,820745;6,262924;3,927588;1,013021;0,231287;1;0,923721;16,526069;1,013388;1,019333
2000-03-01;0,939401;1,010796;2,844063;-1,929278;1,589227;3,490258;1,077615;1,860253;1;0,953796;-2,802383;1,047955;1,028234
2000-04-01;0,849446;0,991974;-22,526537;-8,742296;-11,417528;-4,547496;0,951112;-0,298635;1;1,052982;7,018003;0,918285;0,928164
2000-05-01;0,897767;0,862157;3,507555;14,002508;14,463334;7,547151;1,110855;-0,460619;1;1,09248;-3,293493;1,04771;1,214222
2000-06-01;0,956536;0,535157;-4,43064;1,766215;-2,397306;-2,703096;0,950908;0,748321;1;1,009547;1,372062;1,016868;0,990661
2000-07-01;0,941863;0,979896;-6,946076;4,049675;-4,196602;-3,8774;0,90506;0,01883;1;0,933437;-3,580366;0,947196;0,876259
2000-08-01;0,996462;1,045912;26,162867;0,722824;0,442337;2,419516;1,042293;-2,574991;1;0,858501;1,340672;1,006878;0,93577
2000-09-01;0,978923;0,979484;3,701731;-4,408437;-3,048712;-0,622252;1,063588;-1,209665;1;0,997291;-2,028572;0,972311;0,971512
2000-10-01;0,9674;1,001395;7,532955;0,702122;-1,913167;-0,101042;0,97859;2,837961;1;1,022285;1,781312;0,995359;1,023812
2000-11-01;0,961724;1,026582;5,873341;-1,202064;3,843584;1,42545;0,988412;-0,029862;1;1,020111;1,186932;1,061367;1,038156
2000-12-01;1,003565;1,004821;-18,972032;4,483588;-1,642183;-0,731157;0,979504;-2,116466;1;0,980636;1,223314;1,031706;1,024686
2001-01-01;0,998945;1,008298;4,092768;-4,316794;8,134161;2,688177;1,02402;3,075583;1;0,993742;7,001589;0,99737;1,003601
2001-02-01;0,99252;0,960958;-4,65635;-0,571822;0,691196;1,198859;0,989075;3,554777;1;1,005118;-2,985495;0,982404;1,021744
2001-03-01;0,989965;0,995525;2,942121;4,615352;-1,727588;1,385777;1,025058;6,878532;1;1,056551;-2,112117;1,011861;1,040223
2001-04-01;0,996262;1,003289;-33,038116;-4,205958;-9,007607;-3,637079;0,948404;-1,262741;1;0,963765;-6,660726;0,903406;0,956933
2001-05-01;1,002111;1,011812;-6,021386;3,88263;7,174134;1,188135;1,052415;-1,437941;1;0,969217;-0,716326;0,984379;0,961811
2001-06-01;0,999675;1,129234;3,543448;-6,655484;-3,363387;0,494598;1,01089;-0,628846;1;0,994865;-2,899193;1,028286;0,972508
2001-07-01;0,992686;0,982342;4,249379;-0,03337;1,462859;-2,208429;0,982595;1,320015;1;1,077693;4,076346;1,019789;0,969801
2001-08-01;1,002762;0,992097;2,698475;8,56889;2,741819;8,232443;0,997448;-0,542611;1;0,943839;8,143815;1,05926;1,023513
2001-09-01;1,006872;0,999492;0,344493;-4,820123;-1,564328;-0,082753;0,970521;2,375132;1;0,941956;-3,341711;0,996034;0,991533
2001-10-01;1,004975;1,012766;-4,888398;3,471809;-0,976291;2,252112;1,032498;-1,236326;1;1,046;-4,250665;1,015971;1,042138
2001-11-01;0,993644;0,823048;-0,989274;1,800804;14,128448;1,182416;0,994556;-0,797954;1;1,039858;21,401076;0,969176;1,042721
2001-12-01;0,982901;0,79739;-6,352628;-1,424571;-3,235383;-1,543495;0,855096;-0,534124;1;0,918018;-20,168103;0,793027;0,939576
2002-01-01;1,011236;1,078971;1,803806;4,338987;2,610063;-2,673455;1,015434;0,320199;1;1,004144;16,235921;1,0617;1,015565
2002-02-01;0,991383;1,042557;9,028768;-3,373473;-1,690304;-0,970838;1,021256;0,379329;1;1,089282;-3,545544;0,964822;0,975758
2002-03-01;1,032801;0,997983;-9,590457;0,595954;-2,013098;-0,196702;0,932038;-1,843473;1;1,010399;8,565527;0,966639;0,983224
2002-04-01;1,045423;0,951369;1,314464;1,068526;6,092249;-0,804915;1,023866;3,223734;1;0,96643;-2,626345;0,924113;1,007911
2002-05-01;0,994304;1,01598;12,93929;-3,16739;-3,152733;-1,169524;0,98642;0,485898;1;1,006409;3,266682;0,989461;1,015389
2002-06-01;0,991372;1,098261;-5,547804;-1,770424;-0,657954;1,047082;0,990783;-0,401915;1;0,980031;-1,740635;1,062854;1,050314
2002-07-01;0,993995;1,017312;1,468998;1,794046;21,116959;4,618612;1,051302;-1,581449;1;1,071199;0,097109;1,027138;1,030726
2002-08-01;0,997523;0,986017;2,191198;-9,060778;-1,213793;0,091189;0,989192;2,768347;1;0,817803;-6,129628;1,033;0,933445
2002-09-01;1,005977;1,022985;-4,273218;3,253083;-4,114695;2,107338;0,990849;-1,462155;1;0,997124;3,175706;1,023751;1,046147
2002-10-01;1,011796;0,954977;1,960681;14,345015;8,187199;-0,997587;0,99735;-0,048956;1,000001;0,981075;-1,375343;0,99516;1,000247
2002-11-01;1,014579;0,948223;-6,314014;2,616809;-1,5046;-4,614116;1,00603;-0,014844;1,000001;0,956268;4,588166;0,95464;0,960376
2002-12-01;0,982486;1,048623;-7,574264;-3,577316;-2,291307;0,377362;0,959958;0,206905;1;1,008156;-4,700681;0,808333;0,944409
2003-01-01;0,969708;1,022813;2,763691;2,28381;-3,656772;2,950364;1,008844;0,031363;1;1,031754;5,209301;1,047561;1,015368
2003-02-01;0,991888;0,986075;2,967433;-0,455552;2,289792;0,206647;1,009603;-0,301117;0,999999;1,029615;-2,357997;1,058028;1,043073
2003-03-01;1,002163;1,003396;6,673622;-4,736514;-1,265073;-1,750866;1,007601;-0,270716;0,999998;0,948154;3,798084;0,974514;0,965927
2003-04-01;1,012082;1,009834;8,205531;4,764628;4,244522;3,399482;1,037759;0,047163;0,999997;1,11432;-2,785503;1,123139;1,017781
2003-05-01;1,007972;0,985859;-1,432422;1,334503;-4,611384;-2,062228;0,986874;0,501802;0,999998;1,019642;-1,361849;0,958433;0,829081
2003-06-01;1,005468;0,994213;-12,308659;-2,016035;-0,591201;-7,300854;0,966538;0,349073;1;0,994336;-12,051247;0,831729;0,939207
2003-07-01;1,000379;0,981232;4,695683;13,885057;16,175507;0,005641;1,023267;0,93017;1,000003;0,991135;3,145977;1,298969;1,074394
2003-08-01;0,963014;1,01533;-8,643652;-1,965075;-13,212882;2,739651;0,942305;-3,363357;1,000007;0,683055;-2,954082;0,896294;1,077894
2003-09-01;0,98797;1,016742;1,541229;-0,459801;3,570889;-3,592983;1,030073;-0,090878;1,000008;1,014815;3,725669;0,946478;0,972608
2003-10-01;0,990526;0,779261;8,468819;-0,909883;6,223112;2,336994;1,023837;2,753658;1,000006;1,050079;2,61166;1,254514;1,019422
2003-11-01;0,987643;0,988296;-14,299832;-10,498982;-9,378676;-1,55395;0,909497;-0,579878;1,000003;0,962937;3,350823;0,984359;0,959145
2003-12-01;1,023606;1,015501;-1,953575;2,597281;-2,647928;-2,749803;1,025295;-0,049971;0,999998;1,017592;-2,105661;1,091724;1,062689
2004-01-01;0,994467;0,982493;-5,782144;-1,764775;-3,059336;-3,51038;0,987315;-2,121499;0,999992;0,9618;-4,907132;0,94638;0,95169
2004-02-01;1,021609;1,009358;12,982758;4,746508;2,033557;4,235516;0,987649;-0,331999;0,999986;1,001363;1,963328;0,925997;0,954481
2004-03-01;0,98245;0,990642;0,024995;-1,97035;16,37492;2,388083;1,01432;3,886214;0,999982;1,025469;-2,53904;1,035892;1,0243
2004-04-01;0,999842;1,015962;6,154615;0,838045;4,160429;2,907996;1,012719;-1,085296;0,999983;1,031457;12,58168;1,111578;1,030734
2004-05-01;1,028135;1,006966;-5,06374;-4,6373;-1,003159;-1,123597;0,922824;-6,087023;0,99999;0,939745;-1,240207;1,007718;0,989731
2004-06-01;0,997617;0,976287;6,589482;6,338576;2,433295;1,094151;1,006911;5,984842;1,000004;1,017888;2,890468;0,980235;0,997287
2004-07-01;1,005447;1,011103;-3,673264;-3,233553;-1,352115;1,134444;1,027816;0,507314;1,000022;0,987911;-10,126572;0,972756;1,076913
2004-08-01;0,990855;0,985556;-2,823028;9,009398;-1,700191;-4,119424;0,861398;-15,749512;1,00004;1,063075;4,943676;0,957358;0,925658
2004-09-01;0,98735;1,008753;5,010959;3,210711;-0,343122;-2,472145;1,006668;1,188775;1,000044;1,008969;0,125662;1,265217;1,016234
2004-10-01;0,959045;1,030683;-9,715108;-2,590841;-7,403585;1,581879;0,984392;-0,101857;1,000032;0,965457;-1,010435;0,951596;0,983185
2004-11-01;1,007308;0,981511;4,890362;-5,209172;-0,333388;2,523949;0,98844;-1,57468;1,00001;1,016495;-2,718796;1,176378;0,947417
2004-12-01;1,012257;0,993091;9,410113;2,359997;10,019177;2,718211;1,048029;1,966305;0,999984;0,999078;1,303597;0,987839;1,017244
2005-01-01;1,046981;1,007226;2,009101;1,514556;4,124375;1,536307;0,986219;-0,481573;0,999959;1,01342;-3,438775;0,97812;1,060154
2005-02-01;0,986315;0,962876;-14,866115;-0,755279;-4,442323;-3,556376;0,996473;0,093218;0,999939;0,995672;1,708115;1,110544;0,970299
2005-03-01;1,018149;1,001992;-5,881128;1,090136;-18,745133;-6,256688;0,935311;-4,731495;0,999929;0,978117;-3,016356;0,898447;1,023475
2005-04-01;0,989288;1,004604;-2,253632;-0,450686;-4,774845;-0,429035;1,025862;3,548548;0,999936;0,971089;12,865259;0,936111;0,991941
2005-05-01;0,991475;1,052332;-6,646967;2,281057;1,915591;3,247474;1,027652;0,165835;0,99996;1,061451;2,988206;1,007395;1,228272
2005-06-01;0,989287;1,110627;13,800081;-0,704573;3,848502;2,499416;1,020259;0,243552;0,999998;1,008304;3,110334;0,871448;1,052124
2005-07-01;0,999436;0,987031;0,977464;-1,744252;-5,334226;-2,133905;0,939929;1,04049;1,000045;0,975003;1,212693;1,075745;0,936655
2005-08-01;1,017216;0,915633;2,207264;-1,004694;2,652443;0,017119;0,980195;-1,754134;1,000122;1,020271;-0,415102;1,074426;0,96093
2005-09-01;1,006755;0,515086;1,428835;1,935148;6,91678;4,059633;1,056725;14,762887;1,000124;1,013624;-1,387157;1,047351;1,083525
2005-10-01;0,999751;0,517442;-5,731137;-3,906131;-8,868227;-4,29124;0,891047;-2,85359;1,000139;0,942166;-2,423913;1,022766;0,919572
2005-11-01;0,994717;0,722698;5,964241;2,556421;3,701956;-1,738474;1,003849;6,425553;1,000131;1,017919;2,812996;0,96549;1,024564
2005-12-01;0,992665;0,911115;2,649556;0,660659;4,131189;2,191798;1,007376;1,187918;1,000099;1,011135;0,331557;0,996757;0,978787
2006-01-01;1,009658;0,908311;0,769369;0,840741;-2,68298;10,580687;1,04473;1,775955;1,000043;1,003364;-4,91827;0,924547;0,958443
2006-02-01;1,009621;0,920426;-3,109782;-2,757702;-2,499031;-2,158146;0,953669;-4,817707;0,999815;0,985924;-5,969871;0,991112;1,150776
2006-03-01;0,987359;0,887849;0,269845;2,541149;3,725631;2,887171;1,004625;1,131211;0,999586;1,008374;1,701473;1,076977;0,949292
2006-04-01;0,996944;0,973793;-15,732412;-8,906237;-17,384421;-8,228436;0,936921;-6,210878;0,99953;1,000929;0,459444;0,968991;1,098622
2006-05-01;0,996103;0,962786;10,567816;2,102916;4,079901;1,421346;1,035493;4,692171;0,999504;1,006899;3,225353;0,973814;1,02151
2006-06-01;1,008824;0,948889;2,823262;1,336865;-1,121146;-2,165611;1,028892;1,086141;0,999512;0,984016;1,498881;1,135621;1,008441
2006-07-01;0,991983;0,872997;-12,651951;0,092909;-4,381485;-13,723465;0,933915;-14,849156;0,999552;0,990884;1,652049;0,803634;0,89249
2006-08-01;0,98729;0,992464;8,162627;0,602904;-1,068486;3,608436;1,026778;-7,672725;1,003412;1,013673;-0,894666;1,031881;1,025832
2006-09-01;1,014462;0,989768;-11,223637;-2,20595;0,122462;2,263869;0,987631;-6,572512;0,999729;0,976168;-0,815076;0,953159;0,947612
2006-10-01;1,006208;0,989781;-3,409479;5,597469;1,173812;-0,517493;1,006752;-5,757215;0,999878;1,049604;0,645672;1,100975;1,022585
2006-11-01;1,014195;1,051657;1,814158;0,908181;4,548044;-2,468993;1,026036;-3,734051;1,000025;0,987024;0,185006;0,93745;1,051315
2006-12-01;0,986785;0,992037;8,663752;-6,221926;-13,825711;-11,836713;0,972992;-7,241863;1,000117;0,976391;-4,575768;0,949327;0,973254
2007-01-01;0,899262;0,955973;1,754226;2,500565;2,066563;2,310199;0,96162;-1,349785;1,000117;1,004273;2,835536;1,130528;1,053989
2007-02-01;0,842976;0,999789;-5,993207;-0,690231;6,183737;-1,234896;1,012049;-0,404072;0,99958;1,016386;1,255141;0,867719;0,985193
2007-03-01;0,950231;1,029585;6,666795;2,714322;4,133959;1,48139;1,036537;2,089554;0,998954;1,0026;0,822092;0,976436;0,947014
2007-04-01;0,959471;0,611452;0,954314;-8,616808;-3,758874;2,037702;0,987816;-1,567524;0,998707;0,930958;-3,328814;0,971034;0,941286
2007-05-01;0,982258;0,950007;1,509847;3,989923;2,966731;-1,791196;1,006898;0,792914;0,99846;0,990957;3,604667;1,107142;0,9912
2007-06-01;0,98863;1,047965;-14,605887;3,164775;-6,062661;-0,597312;0,984294;0,474962;0,998262;1,023841;-1,694259;1,069948;1,016211
2007-07-01;0,995576;1,003266;-1,204327;-1,411814;2,126676;-2,506668;1,02093;-2,657586;0,998157;1,023996;-2,029604;1,393374;0,982171
2007-08-01;0,986236;0,995102;-1,578838;-2,541296;-0,892642;-0,556715;1,000083;-3,159214;1,012422;1,583376;1,823763;0,90757;1,111917
2007-09-01;0,98533;1,021417;-0,012663;-7,571;-15,812325;-9,013722;0,942991;-13,75619;0,998309;0,963001;0,93613;1,037035;1,002366
2007-10-01;0,993586;1,034149;7,377482;12,183208;4,328661;2,36947;1,051641;4,608924;0,998565;1,117981;2,788539;0,892433;1,114286
2007-11-01;0,990698;0,954041;-4,514024;2,213644;0,889153;4,969636;0,998518;-1,06534;0,998939;1,020201;-4,89485;1,129247;1,015482
2007-12-01;1,002297;0,989395;-15,84708;-11,256102;-13,675236;-11,33674;1,004447;-1,950487;0,999398;0,9715;-2,577435;0,993374;0,94584
2008-01-01;1,00073;0,994945;10,116439;4,234908;11,183594;0,579871;0,967414;1,45049;0,999891;0,998099;0,372844;0,895019;0,928299
2008-02-01;1,018193;0,98205;7,576975;5,643134;5,369634;4,736992;1,025475;0,959067;0,999537;1,029133;5,020264;1,152063;0,960429
2008-03-01;0,991194;1,013381;-20,438741;-9,989844;-11,730732;-17,490214;0,877357;-1,064059;0,99913;0,878538;0,781324;1,002514;1,098656
2008-04-01;1,001089;1,016718;6,674872;3,583754;3,267789;1,299516;1,0995;22,724972;0,9996;1,069971;4,083186;1,280142;0,819019
2008-05-01;0,973855;0,99592;-9,189457;-5,073019;-7,445271;-0,109573;0,997441;-1,514312;0,99999;0,971905;-4,921981;0,91088;0,960528
2008-06-01;1,000889;1,007639;-5,702548;-0,408822;8,065328;0,969073;0,985372;-1,419385;1,000188;0,969094;-0,919489;0,909468;1,053778
2008-07-01;1,042958;1,010995;4,138654;12,979242;16,156625;3,133474;1,178198;2,347554;1,000334;1,025068;-9,035909;0,966041;1,14356
2008-08-01;1,01471;1,026085;-0,356765;-0,455581;-3,801519;-4,157081;0,878951;2,878461;1,035702;1,562897;1,395551;1,03152;0,936051
2008-09-01;0,994088;0,76195;-7,298912;-1,152163;-0,628975;-1,896268;1,032173;0,173622;1,000582;1,030601;-0,327081;1,171348;1,073375
2008-10-01;0,997357;0,678459;7,075583;3,887696;6,351245;0,028827;0,950942;-2,963082;0,997919;0,957994;0,491718;0,959898;0,985293
2008-11-01;0,983486;1,145001;10,28258;-7,674572;-9,052385;2,105213;0,749703;-28,405022;1,000684;1,002787;-0,019769;0,933086;0,857405
2008-12-01;1,011491;1,143384;-3,743772;7,037838;6,965843;-2,911898;0,539956;-25,603605;1,000659;1,03856;5,769583;0,963124;1,212242
2009-01-01;0,96063;1,004742;-13,948692;-9,875199;-8,472158;-4,356018;0,865206;-19,731928;1,000627;0,435427;-12,203999;1,098497;1,019515
2009-02-01;1,076471;1,008501;5,597205;-1,155369;-3,293269;-18,449779;0,843963;-27,226467;0,999553;0,961793;-1,018812;1,096217;0,98602
2009-03-01;1,005115;1,005779;-2,872802;0,627714;-4,258312;-23,851113;0,907067;-22,893344;0,998585;1,007919;-4,676645;0,931306;1,000118
2009-04-01;1,006119;1,019647;-0,426528;3,085465;6,917279;-10,251833;0,971347;-11,937023;0,999345;0,983375;0,228447;0,950589;0,965685
2009-05-01;1,001372;1,001733;1,041685;-2,276683;0,057329;-6,409788;0,948297;-9,872263;1,000254;0,656201;4,792887;1,063234;1,034566
2009-06-01;1,037986;0,976059;0,134187;2,113612;-1,683529;-4,538437;1,005077;-9,147032;1,000748;0,703893;-1,455282;1,42761;0,975624
2009-07-01;0,997058;0,995422;8,218329;2,620015;0,546462;3,21775;0,979974;-2,540022;1,001251;0,743951;3,671385;1,037094;0,99278
2009-08-01;0,999053;0,977775;-4,961141;-0,602047;-2,08405;-4,053828;0,979077;-4,585022;1,066027;0,867019;-14,127803;0,968094;1,133346
2009-09-01;0,991759;1,036036;8,817238;8,011886;3,688247;-1,364571;1,005385;-1,927269;1,002075;0,943768;-0,667375;0,847939;0,968469
2009-10-01;1,004402;1,026221;-0,108163;-5,630458;1,579535;2,278525;1,012108;1,031984;0,988096;0,930679;-6,077826;1,040762;0,965833
2009-11-01;1,007281;0,999374;-7,896378;2,858041;3,779656;-3,177195;0,98154;-2,985327;1,002373;0,837017;2,611106;1,035832;0,947455
2009-12-01;0,999293;0,948714;-1,080374;-0,872653;1,445904;2,618657;0,950449;0,826049;1,002387;0,976769;2,917761;1,018423;1,052319
2010-01-01;0,995781;1,003771;-28,9389;-5,850145;-20,274006;-5,270633;1,005076;-3,645207;1,001965;0,932746;0,129068;0,921815;0,994983
2010-02-01;0,954264;1,02226;-1,382522;-0,198893;-10,703502;-3,639079;1,013602;-8,398628;1,000219;0,966792;-2,44076;0,901062;1,038068
2010-03-01;1,011717;1,131066;0,805518;-0,650499;5,175769;2,244649;1,059047;2,062013;0,998463;0,986142;-0,733527;1,552345;1,025957
2010-04-01;1,033545;0,948491;-1,495144;-0,07213;0,107501;-0,912026;0,988373;0,727508;0,998994;1,013466;4,161608;1,117429;0,94511
2010-05-01;0,9891;1,031164;-3,961708;2,442763;3,321252;-1,060021;0,972774;-1,918325;0,99969;0,974146;-2,502757;1,027582;1,071792
2010-06-01;1,001573;0,889203;6,679455;-0,048606;5,194913;3,123606;1,008847;2,994661;0,999495;1,01887;4,439221;0,940671;1,283008
2010-07-01;1,008008;1,029986;0,432369;1,956121;-1,032047;-3,153431;1,011018;-2,311914;0,99965;1,024158;-1,343454;1,085425;1,259156
2010-08-01;0,984004;1,004901;7,119242;-1,584551;3,813812;2,087746;0,94277;-2,53082;1,1024;1,002649;-5,66464;1,072607;1,088498
2010-09-01;1,001808;0,95755;6,824085;-1,195769;-1,186379;2,651069;1,043229;1,027063;1,000443;0,955839;1,495535;0,840835;1,088666
2010-10-01;1,003976;0,831293;-12,902187;-3,895008;-11,538713;-4,811143;0,984502;-0,452749;0,968183;1,000799;1,38024;1,060893;1,098495
2010-11-01;1,000741;1,111248;-2,212896;4,888512;-0,290518;-1,14391;0,998172;1,03982;1,001791;0,9735;-10,398072;0,917642;1,12009
2010-12-01;0,997447;1,035005;-5,093614;3,049998;-8,986947;2,977577;1,001197;-0,329192;1,007394;1,013739;1,853986;1,057543;1,050232
2011-01-01;1,010527;1,030145;2,74466;-1,178253;2,412314;0,257503;1,003611;0,640088;0,997813;1,015102;-3,102881;1,085074;0,992292
2011-02-01;0,991517;0,986986;2,11055;-6,947032;12,588638;-5,29717;0,997408;0,690345;1,002682;0,993623;-1,161174;0,887532;0,984324
2011-03-01;0,995323;0,759589;18,197438;2,540786;11,187317;6,274946;1,017121;2,094136;0,996916;1,028054;5,537227;0,839999;1,000471
2011-04-01;1,005188;0,759291;-7,613934;1,632309;-16,99933;-1,483739;0,914769;-1,656417;0,991605;0,956676;-0,093742;1,046859;0,866691
2011-05-01;1,008832;0,977538;7,168127;25,590091;23,010271;16,439671;1,16903;17,570316;1,00455;1,274994;11,54118;1,105388;1,212001
2011-06-01;0,996819;1,025975;-19,902246;-0,142538;-12,755897;-2,414012;0,971293;-1,42825;0,997616;0,990736;0,225907;0,988826;0,988587
2011-07-01;0,981844;1,007708;-1,612622;-4,858741;-11,033675;-4,709414;0,972198;-1,011331;0,994088;0,986503;-4,342704;0,926454;0,996172
2011-08-01;1,003271;0,995227;9,374749;4,364941;0,350468;0,560792;1,040474;3,259307;1,146664;0,977417;-2,148717;0,955813;1,037591
2011-09-01;1,016526;0,678301;-2,883604;3,618966;8,785508;12,929698;0,987691;-0,080574;0,998717;1,028917;3,254711;0,995253;1,045616
2011-10-01;0,994253;1,030655;-3,914644;-2,650053;-3,357282;-1,927799;0,903892;-2,8197;0,933083;0,978979;-10,677923;1,040022;0,94444
2011-11-01;1,003645;0,982477;1,239609;-4,544855;6,178155;2,690136;0,971394;0,611745;0,998217;1,046115;0,202707;1,183247;0,991089
2011-12-01;0,990072;1,007929;-17,899053;0,179555;1,672154;0,107614;1,037898;0,684921;1,02072;0,974873;0,015748;1,04433;0,955953
2012-01-01;0,942465;0,992918;3,773162;0,371898;8,828243;3,222578;1,094665;1,641702;0,986373;0,996379;1,17619;0,760967;1,028596
2012-02-01;1,002916;1,00803;-6,803367;3,368576;-9,369723;1,246033;1,039574;-0,163031;1,010249;1,031278;3,833962;1,006128;1,074271
2012-03-01;0,998295;0,986942;3,438285;2,017843;-1,284762;-0,508151;0,998725;-0,672733;0,990022;0,993093;-2,740949;1,099483;1,101065
2012-04-01;1,012989;1,003738;2,669052;-1,264774;-9,182161;-2,744867;0,968343;-3,314096;0,970254;0,949144;-3,999875;0,934465;0,814651
2012-05-01;1,001106;0,981058;1,353864;2,942206;-4,307902;-2,198474;0,96007;0,498188;1,029589;0,990508;-3,372876;0,862278;0,968985
2012-06-01;1,001074;1,026801;7,973509;-0,740465;11,002976;-0,416565;1,010226;0,588856;0,995804;1,021709;1,592237;0,970599;0,969765
2012-07-01;0,984615;0,963235;-6,832455;-4,474454;8,932225;1,507496;1,03484;1,314854;0,989227;1,012749;4,101169;0,941682;1,104711
2012-08-01;1,011209;1,006671;-9,124397;-0,675154;3,055165;4,345056;1,010759;6,73525;1,215405;1,199265;3,452807;1,028344;1,02063
2012-09-01;0,990947;1,044942;-3,661019;-6,047835;-7,429048;-2,47166;0,96;-8,289319;1,017299;0,858061;-3,865359;1,005089;0,966625
2012-10-01;0,995672;1,004294;8,841742;5,54434;5,023039;-0,53478;1,019382;-0,526229;0,974901;0,984591;-0,599908;1,096332;0,951856
2012-11-01;1,009704;0,980648;4,937941;3,883507;-1,289502;0,288062;1,027674;0,279162;1,075754;0,99361;3,692234;0,949832;0,979443
2012-12-01;0,999163;0,989273;4,377801;-0,02607;-5,22053;-4,350381;0,736498;0,233961;1,139386;1,000539;-9,469545;0,728654;1,071145
2013-01-01;0,946087;0,983223;-0,043899;3,021486;-4,399897;0,047855;1,011449;-0,381391;1,05656;1,025099;2,296144;1,111474;1,018838
2013-02-01;1,011984;1,022448;-1,003455;-2,820031;0,551844;-0,13648;0,984913;-0,950955;1,020218;0,993939;-1,456909;0,969517;1,013886
2013-03-01;1,004313;0,987545;-15,964194;-4,645865;-8,511492;-1,099942;0,954867;-1,478929;1,003457;0,956108;0,193135;1,364113;1,014731
2013-04-01;0,976363;0,999597;2,175594;0,681089;5,093135;5,40033;1,045242;10,139459;1,076333;1,029959;-1,918109;0,832454;0,980167
2013-05-01;0,974538;1,00774;-0,784527;1,151305;8,463383;4,07454;1,032921;3,331168;0,846137;1,016262;1,957528;0,922197;0,968396
2013-06-01;0,997621;1,022408;-9,612524;-9,311973;-2,116358;-3,11726;0,975769;-1,563253;1,015506;0,968776;-5,530005;1,405029;0,995008
2013-07-01;1,028052;0,99528;1,563241;4,845678;16,143435;9,773304;0,975323;0,57721;1,020933;1,024943;3,482351;1,061467;1,036308
2013-08-01;1,080529;1,013266;-1,576369;1,292225;-5,892344;-2,1285;1,034478;0,601308;0,536263;1,014803;1,072691;0,916913;0,973056
2013-09-01;1,009044;0,880206;-1,044258;-5,260811;-0,463241;-9,065871;0,976568;-2,740909;1,020336;0,965146;-3,265234;1,156357;0,965589
2013-10-01;0,980338;0,370688;3,205876;8,695522;12,584287;6,342318;0,987912;1,915906;1,122653;1,018253;3,896224;0,866112;1,040975
2013-11-01;0,98761;1,124567;-3,352346;-1,466258;-0,272694;-2,359488;0,994491;-1,843074;1,131778;1,001011;-0,785229;0,932881;1,027478
2013-12-01;1,009345;0,619289;6,402329;-0,075905;-1,126915;-0,919616;1,05095;-0,083723;1,001022;0,971712;-4,197058;1,06016;1,034509
2014-01-01;1,006869;0,33603;0,948232;3,717786;0,478941;3,5685;0,990581;4,454072;1,032794;1,011344;4,85131;0,901725;1,018331
2014-02-01;0,990433;0,896888;2,742179;0,287592;2,276637;0,800312;0,979656;0,049208;0,960943;1,010114;1,404686;1,010115;0,925352
2014-03-01;0,99908;0,98992;-2,705467;-3,201765;-4,803558;-3,743645;1,000581;-1,177728;1,004213;1,005593;-1,926884;1,036311;0,955931
2014-04-01;0,999674;1,017327;2,466432;1,760688;5,282074;0,285609;0,982614;-0,120855;1,161172;1,032183;2,335624;1,023044;1,014083
2014-05-01;1,005629;1,019373;-2,058425;-0,848223;-4,572643;-2,765195;1,019153;-0,603882;0,957027;0,96725;-1,011564;0,981262;0,954394
2014-06-01;0,98708;1,043355;-0,758913;-3,184067;-3,368111;-2,173493;1,005201;-0,111107;1,006989;0,996268;-5,268844;1,079817;1,028849
2014-07-01;1,006948;0,76024;3,782453;4,85241;3,885843;3,234865;1,011917;6,186667;1,033378;0,987339;2,842289;1,011951;1,039992
2014-08-01;0,998651;2,198533;-4,258128;-4,068035;-6,674044;-0,284855;0,893918;0,223664;0,680233;0,732104;-2,062754;1,027563;0,874649
2014-09-01;1,006767;1,117887;2,845665;2,37105;5,486879;3,279182;1,015962;0,191562;1,181696;1,014166;0,609703;1,712002;1,033238
2014-10-01;1,013346;2,093266;-1,257778;9,790057;4,893093;5,521114;0,997464;-0,305594;1,149809;1,035961;4,948828;0,909645;1,007974
2014-11-01;0,987183;0,971092;-5,113808;-8,982572;-4,045544;-4,303061;0,972679;-5,375545;1,01823;0,940014;-4,968353;0,970408;0,99503
2014-12-01;0,989463;0,959754;-1,504287;4,684499;7,00174;-0,167984;0,992336;0,60468;0,986898;1,029002;1,970025;1,128354;0,967383
2015-01-01;0,995299;1,174879;1,982628;-2,872556;-5,942099;-1,196866;1,022177;-2,006657;0,975925;0,987084;-1,75091;0,960151;0,961934
2015-02-01;1,006207;0,975611;-1,473348;-2,446653;-1,101077;-0,144187;1,00966;0,53975;1,041368;0,98509;3,011233;1,011912;0,998036
2015-03-01;1,00096;0,715149;1,189741;1,029647;-1,246771;1,232287;0,99877;1,07429;1,000242;1,013004;0,72636;1,029769;0,96283
2015-04-01;0,987318;1,060723;4,277862;-2,745543;-2,546704;0,193595;1,131505;0,704627;0,999748;1,029153;1,19111;0,99949;1,124105
2015-05-01;1,015564;1,038317;-2,259586;-9,608934;-10,653365;-6,278355;0,948726;-8,623246;0,977263;0,972049;-3,584939;0,994676;1,063568
2015-06-01;1,015603;0,921318;2,219886;2,622506;7,401722;3,308702;1,013173;4,849443;1,023354;1,116932;3,707768;0,972659;1,040157
2015-07-01;1,006901;1,04272;1,70209;7,661293;-1,877572;2,820902;1,039789;-1,778449;1,014756;1,004046;-5,28655;1,020811;0,991006
2015-08-01;0,980681;0,959801;-2,349914;1,173224;6,463098;-3,48128;0,922564;0,886118;0,83177;0,707309;-3,027633;0,947689;0,933329
2015-09-01;0,963669;1,037169;3,134611;6,392903;1,392121;0,832444;1,032022;1,16498;0,961197;1,019133;4,101006;1,045406;0,969726
2015-10-01;0,987451;1,008932;-5,821799;-4,487406;-6,612612;-3,601683;1,037662;-1,364577;1,198327;0,999299;0,246104;1,01398;1,037725
2015-11-01;1,018144;1,001242;-0,133708;-0,696116;-2,554528;3,526783;0,995258;0,535871;1,015367;0,99093;-0,657103;1,030155;0,971712
2015-12-01;1,002394;0,917429;0,811759;-5,429788;2,835756;1,41814;0,891749;-0,575055;1,0476;0,996089;5,249123;0,870435;0,982911
2016-01-01;0,998165;0,967089;1,342895;-1,058483;-3,508113;-6,257543;0,986178;-5,922022;0,980347;0,98581;-4,453651;1,036214;1,022149
2016-02-01;1,061746;1,102757;5,490271;4,400762;3,951122;2,033093;1,020502;2,316206;1,108998;1,012889;-2,26502;1,056023;1,043875
2016-03-01;0,998157;1,043044;-13,844576;1,693573;1,325263;-0,076359;0,965164;-1,648491;0,997002;0,989176;-0,978286;0,901353;0,929347
2016-04-01;1,013469;0,834459;-3,432654;-0,435635;3,848076;-1,424444;1,011555;0,748468;1,021889;0,980944;1,041326;1,003835;1,028484
2016-05-01;0,985583;0,992377;-0,023432;-1,352473;4,16514;2,496946;1,02271;-1,275864;1,047146;1,035397;9,852412;1,272511;1,053154
2016-06-01;0,991065;0,990333;0,391699;-0,186262;-3,239212;0,116769;1,002805;1,213377;0,984752;1,043055;0,624914;0,970175;0,970406
2016-07-01;1,006331;1,024729;-20,723688;-6,233723;-22,543417;-2,249636;0,856739;-14,720341;0,959712;0,951853;-13,278316;0,979162;0,994116
2016-08-01;1,014164;1,060598;1,831099;2,263857;7,325067;2,287435;1,057506;0,666147;0,917352;0,9525;1,930266;1,054615;1,135024
2016-09-01;0,984669;0,918278;17,039057;8,034264;-3,153077;0,333086;0,989874;-0,418118;0,998787;1,037648;4,220962;0,964129;0,953945
2016-10-01;1,002893;0,722249;-10,33855;-12,842098;-7,673673;-4,295552;0,950547;-13,899539;1,028009;0,938456;-11,115299;0,988946;0,994761
2016-11-01;0,992241;1,076754;3,136335;1,491485;2,975844;-1,06483;1,036318;-0,390224;0,977501;1,039548;-2,804253;1,060971;0,991603
2016-12-01;1,016515;1,053845;-2,082491;0,847175;2,193362;2,514639;1,006791;1,448318;1,007309;0,991115;0,740837;0,924192;0,980854
2017-01-01;1,004109;0,764172;-1,82241;-1,238363;5,076807;0,4223;0,998262;-0,407313;1,007737;1,001641;-0,526844;1,018072;1,018601
2017-02-01;0,970829;0,987933;-3,605506;-3,813675;-2,413778;-2,807987;0,997785;-4,600287;0,995947;0,98606;-5,565469;0,989664;1,176651
2017-03-01;0,988027;1,004762;8,654432;-0,747837;6,522134;5,80213;1,118086;1,313382;1,025177;1,027552;4,663799;1,178173;1,128638
2017-04-01;1,022799;1,078542;-2,35022;-12,801257;-5,418393;-9,793513;0,953644;-15,243501;0,762699;0,915618;-12,593782;0,964753;0,965132
2017-05-01;1,023993;0,976737;7,196469;6,773121;0,675422;5,112134;1,036975;2,801691;0,791937;1,052455;9,033466;1,168331;0,937655
2017-06-01;0,995559;0,930033;3,510406;3,331764;-2,429305;1,112321;1,007236;-2,247487;0,857442;0,982716;3,231914;1,023758;0,966222
2017-07-01;0,988678;0,943852;-9,894047;-9,067035;-6,622336;-4,20035;0,945442;-9,168781;0,910912;0,984564;-15,554774;0,973246;0,921466
2017-08-01;0,988841;1,021121;-1,546961;5,7211;4,548057;-2,893275;1,088791;-1,622828;0,912419;1,002135;2,676234;1,153591;0,997795
2017-09-01;1,009555;1,015036;-1,104367;-0,100655;-2,822389;-0,486221;1,038112;2,120287;0,978263;0,977781;-1,903769;1,040465;1,067026
2017-10-01;0,993429;1,113433;2,234287;-1,170265;2,400045;2,513812;0,982608;0,517211;0,943978;0,998804;-4,537014;0,957423;1,090907
2017-11-01;1,01452;1,035341;12,844348;0,761158;12,86676;4,882813;0,997837;4,25391;0,956874;1,021323;1,876061;0,984363;1,013271
2017-12-01;1,002712;0,957889;3,497907;-4,390823;1,281199;1,043545;0,887291;-1,237713;1,015161;1,002228;-3,999493;0,935313;1,066829
2018-01-01;0,987012;1,002227;-3,804545;-0,208576;5,916686;-2,861377;1,008064;-1,055391;1,021243;1,001578;2,748889;1,004113;0,962193
2018-02-01;0,988502;0,932028;-4,65359;1,236005;-0,539332;-0,676652;0,970633;-0,151936;0,955439;1,009109;2,948318;1,064722;0,899923
2018-03-01;1,017499;0,262579;0,348961;1,93354;-4,933098;0,102071;1,019692;1,572871;1,111005;1,007624;-0,13544;0,975219;1,02323
2018-04-01;1,012053;0,597587;1,429292;-0,672768;-4,199872;-1,547341;1,03761;-1,242729;0,889827;1,006262;6,765483;1,027297;0,96291
2018-05-01;0,983141;0,911407;-0,880034;-2,350174;0,951154;-1,324508;0,957398;-2,339333;0,852465;0,924111;-8,147143;1,000136;0,932353
2018-06-01;1,008566;1,070336;-3,853711;1,622251;-3,150193;0,227716;1,018683;2,436101;1,109459;0,989229;-1,375961;0,999098;1,108864
2018-07-01;0,998535;1,01811;6,062337;-1,21152;-1,302839;0,020742;1,010198;1,171243;1,027601;1,025404;1,020118;0,944296;1,039987
2018-08-01;0,995752;1,039306;22,324515;-2,193181;1,383029;6,195382;1,007757;1,064623;0,845291;1,195912;3,850959;1,017333;0,940418
2018-09-01;0,997116;0,999387;-4,15155;-8,924712;-5,014785;-10,719649;0,956676;-3,954058;0,987346;0,936156;-5,706254;1,011474;1,048841
2018-10-01;1,005287;1,001043;2,874971;2,713707;7,660737;6,109149;1,025762;-0,251162;0,999605;1,034126;-1,557598;1,016188;0,956912
2018-11-01;0,992285;0,912731;-1,113558;1,727056;1,843377;0,466126;0,977989;0,207502;1,071051;0,98733;7,895375;1,027678;1,039584
2018-12-01;0,99614;1,017339;0,977446;2,05738;-6,120718;-2,765222;1,000529;-1,120367;0,970401;0,988067;-1,128348;1,038932;0,921849
2019-01-01;1,00751;1,020507;2,057541;-0,654489;4,490707;3,811873;1,022782;2,981931;0,986109;1,019625;-1,26944;0,971241;0,978545
2019-02-01;1,019124;1,069093;-0,824893;1,545855;-0,816861;-0,508834;1,0151;-0,287037;1,117421;1,004019;-0,24088;0,939094;1,049192
2019-03-01;0,995753;0,931169;-2,717982;-0,631816;1,257082;-2,583225;0,992529;-3,221929;1,196906;0,985165;-5,698683;1,000153;1,072631
2019-04-01;0,981999;0,949532;-3,014772;1,378627;2,82796;-0,609927;0,966198;1,423408;0,920232;1,000159;-1,329566;1,033256;0,980069
2019-05-01;0,771926;1,081961;1,602969;1,060214;1,901263;1,437016;1,005553;1,629877;1,276973;1,00233;10,613723;0,975406;1,258946
2019-06-01;0,799188;1,044629;-16,453743;-7,018976;-18,670813;-13,628627;1,005856;-6,833201;0,926217;0,877965;-14,230233;0,988891;0,952844
2019-07-01;0,872585;0,965829;0,352441;11,782209;6,50475;-2,788583;1,006036;0,967927;0,983942;1,0718;6,507516;1,026424;0,952474
2019-08-01;0,937067;0,739909;9,544056;-6,111704;-5,886077;2,710462;0,993507;-3,415097;1,029528;0,985309;-3,563064;0,98036;1,079523
2019-09-01;0,945697;0,974449;-0,396023;-4,900803;4,708275;-0,780316;1,021883;-0,305462;1,016078;1,019634;-0,654993;0,985185;0,980329
2019-10-01;0,974481;0,945443;3,06087;13,29806;0,192137;2,567809;0,993762;1,840418;1,011337;1,031666;4,488842;1,065762;0,979703
2019-11-01;0,974452;1,007816;-5,008385;0,553611;-6,470984;-1,823945;0,98511;0,895749;1,019029;0,974128;-2,563599;0,937898;0,999731
2019-12-01;0,964324;1,19826;-4,358117;-0,124921;-1,674626;2,401588;1,00674;0,622709;0,970856;1,011582;-5,76763;1,067893;0,967827
2020-01-01;0,976976;1,050504;0,523135;3,866601;-4,256524;-0,973456;0,988238;-2,09157;1,116446;0,968556;4,263058;1,018317;1,041462
2020-02-01;1,040945;0,956193;6,405653;0,3708;11,302228;-1,094933;1,020538;-0,098858;1,02088;0,995256;2,513102;1,067554;1,000565
2020-03-01;0,956495;1,147469;-8,599826;-3,917414;-41,659578;-35,198293;0,669941;-38,804402;0,794263;0,89275;-33,551734;0,800142;0,680479
2020-04-01;0,63327;0,947295;-45,141252;0,499658;-61,49094;-57,059289;0,232019;-85,263924;0,45175;0,224441;-44,2608;0,909484;0,487399
2020-05-01;0,537573;1,025322;-30,045594;0,02921;-38,344011;-51,085194;0,378256;-58,51589;0,901703;1,006175;-44,893886;0,814;0,808073
2020-06-01;0,812459;0,952465;-14,800912;0,625931;-16,576576;-23,793827;0,752086;-42,241042;0,904875;1,053816;-17,348035;1,033971;0,89371
2020-07-01;0,875876;1,121173;-8,394061;2,596817;-9,055011;-15,589935;0,869058;-29,192634;1,0126;1,05187;-10,445767;1,020761;0,967243
2020-08-01;0,908324;0,97936;-14,127363;-1,865657;-5,287934;-14,444909;0,894853;-19,589887;0,984017;1,835321;-5,600302;1,143958;0,947928
2020-09-01;0,929604;0,762621;-6,037882;0,198739;-3,717221;-6,927878;0,900366;-9,042014;0,964265;0,877104;-2,147166;0,954711;0,927488
2020-10-01;0,943643;0,968797;-27,571172;0,891497;-10,832839;-11,142782;0,962647;-11,334913;0,967292;0,950413;-2,431817;1,038219;0,9591
2020-11-01;0,951086;1,184281;-2,232729;-2,606506;-6,960555;-7,653399;1,022831;-10,551107;0,99795;1,01158;-6,710509;1,018343;0,946279
2020-12-01;0,968593;1,02056;0,018962;0,365142;1,990169;-5,606166;0,977548;-4,391114;1,133593;1,004383;3,05926;0,918211;1,06601
2021-01-01;1,001842;0,975461;-24,694784;-1,074562;-8,560202;-1,218018;0,956896;-2,472231;1,091582;1,021965;-6,660368;1,018126;0,98784
2021-02-01;0,984385;1,025827;-1,538427;-0,733027;0,115318;1,251766;0,968271;-1,929789;1,022293;0,996841;-3,283271;0,967606;0,954764
2021-03-01;0,985101;1,025513;20,109648;5,821609;0,372876;-0,752536;1,01649;-0,903229;1,030178;0,985221;2,396125;1,001627;0,928752
2021-04-01;0,999633;0,363984;7,72349;1,955089;3,371908;2,076501;1,10777;-1,992022;1,02384;1,0169;5,219011;1,068404;1,05266
2021-05-01;1,002392;0,941598;-7,026741;1,272815;-0,811297;-0,759336;0,902858;-8,613112;1,028943;0,996446;-0,985818;1,056595;1,05449
2021-06-01;0,999537;0,993012;-0,498316;-3,615353;1,482546;-3,402502;0,982435;-0,776744;1,002234;1,00354;2,915964;0,941448;0,991041
2021-07-01;0,987659;0,969183;-9,320328;-9,746714;-3,888937;-2,370108;0,996903;-1,132959;1,010334;0,975685;-7,706809;1,053206;0,966994
2021-08-01;0,998259;1,008262;5,107976;-1,731329;-0,880505;2,087273;0,998341;10,892976;0,998944;1,015546;-7,27157;0,944979;0,993734
2021-09-01;0,994748;0,203711;-1,228346;3,171079;-5,269597;-3,043372;0,984827;-1,055844;1,000338;1,000771;0,309589;0,990814;1,000312
